transaction_id,customer_id,account_number,transaction_date,transaction_time,amount,transaction_type,merchant,description,status,channel,location,transaction_datetime,is_duplicate
TXN_00000362,CUST_000004,ACC_4684531,2024-03-03,10:12:14,383.45,DEPOSIT,Spotify Premium,REFUND - Netflix Subscription,PENDING,ONLINE,Los Angeles,2024-03-03 10:12:14,False
TXN_00000074,CUST_000040,ACC_9517485,2024-02-21,09:20:27,131.17,TRANSFER,Shell Gas Station,FEE - Shell Gas Station,COMPLETED,MOBILE,New York,2024-02-21 09:20:27,False
TXN_00000375,CUST_000187,ACC_7273233,2024-03-14,02:59:08,250.72,DEPOSIT,Target Store,PURCHASE - Spotify Premium,FAILED,ATM,New York,2024-03-14 02:59:08,False
TXN_00000156,CUST_000166,ACC_3396987,2024-03-01,08:44:10,423.44,PURCHASE,Starbucks Coffee,PURCHASE - Walmart Store,PENDING,ATM,Philadelphia,2024-03-01 08:44:10,False
TXN_00000105,CUST_000170,ACC_7730428,2024-02-25,10:34:18,44.63,WITHDRAWAL,Credit Card Payment,PURCHASE - Bank Transfer,PENDING,MOBILE,Chicago,2024-02-25 10:34:18,False
TXN_00000395,CUST_000111,ACC_3684052,2024-01-01,02:07:55,20.44,REFUND,Insurance Payment,REFUND - ATM Withdrawal,CANCELLED,MOBILE,Houston,2024-01-01 02:07:55,False
TXN_00000378,CUST_000124,ACC_3094235,2024-02-13,03:58:30,324.6,REFUND,Credit Card Payment,FEE - Pharmacy,FAILED,MOBILE,Houston,2024-02-13 03:58:30,False
TXN_00000125,CUST_000189,ACC_1445199,2024-03-29,16:49:39,8791.77,REFUND,McDonalds Restaurant,PURCHASE - Netflix Subscription,FAILED,MOBILE,Phoenix,2024-03-29 16:49:39,False
TXN_00000069,CUST_000139,ACC_5107245,2024-04-10,00:17:54,9881.51,FEE,Target Store,TRANSFER - Amazon Online,PENDING,ONLINE,Chicago,2024-04-10 00:17:54,False
TXN_00000451,CUST_000047,ACC_4567281,2024-03-07,10:43:44,549.87,REFUND,Amazon Online,FEE - Shell Gas Station,COMPLETED,MOBILE,New York,2024-03-07 10:43:44,False
TXN_00000010,CUST_000041,ACC_2871534,2024-02-03,13:56:04,4010.51,FEE,Pharmacy,REFUND - Water Utility,COMPLETED,PHONE,Chicago,2024-02-03 13:56:04,False
TXN_00000195,CUST_000045,ACC_2556017,2024-01-15,17:03:19,330.74,TRANSFER,McDonalds Restaurant,REFUND - Amazon Online,PENDING,MOBILE,Chicago,2024-01-15 17:03:19,False
TXN_00000407,CUST_000135,ACC_2714803,2024-01-31,08:21:16,372.15,REFUND,Shell Gas Station,DEPOSIT - Credit Card Payment,FAILED,PHONE,Phoenix,2024-01-31 08:21:16,False
TXN_00000085,CUST_000119,ACC_9937326,2024-01-20,23:04:11,6465.51,FEE,Gas Station,DEPOSIT - Gas Station,FAILED,BRANCH,Los Angeles,2024-01-20 23:04:11,False
TXN_00000372,CUST_000153,ACC_3154051,2024-02-23,01:43:18,347.3,FEE,Pharmacy,PAYMENT - Credit Card Payment,FAILED,ONLINE,New York,2024-02-23 01:43:18,False
TXN_00000389,CUST_000155,ACC_8973915,2024-03-01,15:29:54,385.13,PAYMENT,Grocery Store,TRANSFER - ATM Withdrawal,COMPLETED,BRANCH,Phoenix,2024-03-01 15:29:54,False
TXN_00000496,CUST_000085,ACC_7730428,2024-01-01,23:34:32,476.54,WITHDRAWAL,Gas Station,REFUND - McDonalds Restaurant,CANCELLED,BRANCH,New York,2024-01-01 23:34:32,False
TXN_00000031,CUST_000056,ACC_9398441,2024-01-03,11:08:30,284.16,REFUND,Electric Company,FEE - Mortgage Payment,PENDING,PHONE,Phoenix,2024-01-03 11:08:30,False
TXN_00000317,CUST_000073,ACC_7700828,2024-03-18,17:41:41,489.79,WITHDRAWAL,Grocery Store,DEPOSIT - Credit Card Payment,COMPLETED,MOBILE,Phoenix,2024-03-18 17:41:41,False
TXN_00000409,CUST_000174,ACC_9517169,2024-02-04,16:13:22,145.21,PURCHASE,Water Utility,TRANSFER - Spotify Premium,CANCELLED,PHONE,New York,2024-02-04 16:13:22,False
TXN_00000491,CUST_000106,ACC_3770370,2024-04-16,16:41:21,346.08,REFUND,Insurance Payment,DEPOSIT - Gas Station,CANCELLED,MOBILE,Chicago,2024-04-16 16:41:21,False
TXN_00000492,CUST_000079,ACC_7067228,2024-03-13,04:57:50,790.32,PAYMENT,Salary Deposit,WITHDRAWAL - Water Utility,COMPLETED,ATM,Chicago,2024-03-13 04:57:50,False
TXN_00000281,CUST_000037,ACC_2322047,2024-02-09,13:13:26,8588.86,PAYMENT,Spotify Premium,PURCHASE - Electric Company,PENDING,ONLINE,Los Angeles,2024-02-09 13:13:26,False
TXN_00000357,CUST_000101,ACC_5437923,2024-02-19,00:35:17,174.18,TRANSFER,ATM Withdrawal,PURCHASE - Restaurant,PENDING,MOBILE,Los Angeles,2024-02-19 00:35:17,False
TXN_00000077,CUST_000178,ACC_5528972,2024-04-14,18:41:35,464.9,TRANSFER,Target Store,WITHDRAWAL - Water Utility,FAILED,BRANCH,New York,2024-04-14 18:41:35,False
TXN_00000462,CUST_000126,ACC_3564251,2024-01-04,23:37:15,67.68,PURCHASE,Water Utility,DEPOSIT - Pharmacy,CANCELLED,ONLINE,New York,2024-01-04 23:37:15,False
TXN_00000498,CUST_000050,ACC_5446912,2024-02-11,01:38:41,528.8,FEE,Electric Company,PAYMENT - Amazon Online,COMPLETED,PHONE,Houston,2024-02-11 01:38:41,False
TXN_00000212,CUST_000100,ACC_7700828,2024-01-31,08:48:14,491.42,FEE,Target Store,PAYMENT - Spotify Premium,FAILED,BRANCH,Phoenix,2024-01-31 08:48:14,False
TXN_00000102,CUST_000035,ACC_4335942,2024-04-14,18:29:44,95.23,REFUND,Credit Card Payment,TRANSFER - Water Utility,PENDING,ONLINE,Los Angeles,2024-04-14 18:29:44,False
TXN_00000335,CUST_000068,ACC_1971823,2024-03-17,22:10:04,227.45,WITHDRAWAL,Credit Card Payment,TRANSFER - Grocery Store,CANCELLED,ATM,New York,2024-03-17 22:10:04,False
TXN_00000476,CUST_000117,ACC_2166941,2024-01-19,06:59:39,390.39,PAYMENT,Credit Card Payment,REFUND - Netflix Subscription,FAILED,BRANCH,Los Angeles,2024-01-19 06:59:39,False
TXN_00000337,CUST_000034,ACC_2166941,2024-03-23,09:33:42,418.42,FEE,Walmart Store,PAYMENT - Starbucks Coffee,CANCELLED,ATM,New York,2024-03-23 09:33:42,False
TXN_00000441,CUST_000170,ACC_2871534,2024-03-25,03:03:10,14.99,PAYMENT,Spotify Premium,PAYMENT - Spotify Premium,COMPLETED,ONLINE,Los Angeles,2024-03-25 03:03:10,False
TXN_00000174,CUST_000101,ACC_2714803,2024-01-15,15:33:40,197.38,WITHDRAWAL,Mortgage Payment,FEE - Credit Card Payment,PENDING,BRANCH,Phoenix,2024-01-15 15:33:40,False
TXN_00000003,CUST_000063,ACC_9517485,2024-03-03,10:46:59,5974.01,FEE,Bank Transfer,PAYMENT - Starbucks Coffee,COMPLETED,MOBILE,Chicago,2024-03-03 10:46:59,False
TXN_00000334,CUST_000126,ACC_5855124,2024-02-02,03:45:28,273.65,PURCHASE,Target Store,PURCHASE - Mortgage Payment,FAILED,MOBILE,Chicago,2024-02-02 03:45:28,False
TXN_00000410,CUST_000076,ACC_5661907,2024-01-28,15:14:14,1971.98,PURCHASE,Pharmacy,FEE - Grocery Store,COMPLETED,BRANCH,Phoenix,2024-01-28 15:14:14,True
TXN_00000071,CUST_000134,ACC_2110460,2024-03-05,17:02:46,434.16,DEPOSIT,Amazon Online,TRANSFER - Salary Deposit,CANCELLED,MOBILE,Philadelphia,2024-03-05 17:02:46,False
TXN_00000210,CUST_000140,ACC_4744854,2024-01-18,18:56:51,317.22,DEPOSIT,Mortgage Payment,DEPOSIT - Pharmacy,CANCELLED,BRANCH,Phoenix,2024-01-18 18:56:51,False
TXN_00000064,CUST_000096,ACC_4612365,2024-02-28,18:16:37,321.08,REFUND,Spotify Premium,DEPOSIT - Amazon Online,FAILED,PHONE,Los Angeles,2024-02-28 18:16:37,False
TXN_00000385,CUST_000037,ACC_4842788,2024-03-20,09:13:34,162.65,PURCHASE,Spotify Premium,PAYMENT - Shell Gas Station,FAILED,PHONE,Chicago,2024-03-20 09:13:34,False
TXN_00000094,CUST_000050,ACC_9548432,2024-04-10,16:15:19,7951.52,REFUND,Gas Station,DEPOSIT - Credit Card Payment,FAILED,MOBILE,Phoenix,2024-04-10 16:15:19,False
TXN_00000486,CUST_000030,ACC_2785277,2024-01-18,10:15:34,738.69,FEE,Gas Station,FEE - Netflix Subscription,PENDING,BRANCH,Chicago,2024-01-18 10:15:34,False
TXN_00000186,CUST_000079,ACC_4514944,2024-02-02,18:57:41,201.19,DEPOSIT,Shell Gas Station,REFUND - Starbucks Coffee,COMPLETED,ATM,Houston,2024-02-02 18:57:41,False
TXN_00000034,CUST_000167,ACC_4684531,2024-02-16,15:45:09,368.23,PURCHASE,Pharmacy,FEE - Salary Deposit,CANCELLED,MOBILE,Philadelphia,2024-02-16 15:45:09,False
TXN_00000078,CUST_000024,ACC_7089806,2024-01-19,14:04:09,486.05,PAYMENT,ATM Withdrawal,DEPOSIT - Credit Card Payment,FAILED,ATM,Chicago,2024-01-19 14:04:09,False
TXN_00000001,CUST_000052,ACC_6279418,2024-03-08,03:13:59,366.32,DEPOSIT,Mortgage Payment,DEPOSIT - Grocery Store,CANCELLED,ONLINE,Los Angeles,2024-03-08 03:13:59,False
TXN_00000012,CUST_000001,ACC_5443951,2024-04-25,00:05:40,141.96,FEE,McDonalds Restaurant,REFUND - Electric Company,PENDING,MOBILE,Phoenix,2024-04-25 00:05:40,False
TXN_00000416,CUST_000081,ACC_9375710,2024-01-08,14:54:29,305.3,REFUND,Mortgage Payment,DEPOSIT - McDonalds Restaurant,FAILED,PHONE,Phoenix,2024-01-08 14:54:29,False
TXN_00000023,CUST_000200,ACC_1192619,2024-01-19,08:57:48,8911.92,PAYMENT,Target Store,FEE - Grocery Store,CANCELLED,ONLINE,Phoenix,2024-01-19 08:57:48,False
TXN_00000073,CUST_000197,ACC_2437026,2024-03-05,09:50:44,329.08,REFUND,Netflix Subscription,DEPOSIT - Credit Card Payment,PENDING,MOBILE,Chicago,2024-03-05 09:50:44,False
TXN_00000183,CUST_000188,ACC_8090293,2024-04-29,03:31:20,435.11,REFUND,Credit Card Payment,REFUND - Mortgage Payment,COMPLETED,PHONE,Houston,2024-04-29 03:31:20,False
TXN_00000132,CUST_000127,ACC_6770619,2024-03-13,13:18:29,5661.35,FEE,Grocery Store,DEPOSIT - Electric Company,PENDING,ONLINE,Chicago,2024-03-13 13:18:29,False
TXN_00000411,CUST_000156,ACC_7089806,2024-04-25,12:36:53,470.41,DEPOSIT,Starbucks Coffee,FEE - Water Utility,PENDING,BRANCH,New York,2024-04-25 12:36:53,False
TXN_00000194,CUST_000167,ACC_4335942,2024-03-06,01:34:20,318.98,WITHDRAWAL,Bank Transfer,REFUND - Spotify Premium,COMPLETED,ATM,New York,2024-03-06 01:34:20,False
TXN_00000056,CUST_000074,ACC_6960453,2024-04-07,16:02:39,317.42,REFUND,Shell Gas Station,DEPOSIT - Starbucks Coffee,COMPLETED,MOBILE,Los Angeles,2024-04-07 16:02:39,False
TXN_00000149,CUST_000128,ACC_9398441,2024-02-06,16:41:22,183.02,TRANSFER,Salary Deposit,FEE - Insurance Payment,PENDING,BRANCH,Chicago,2024-02-06 16:41:22,False
TXN_00000019,CUST_000077,ACC_9897858,2024-03-26,22:20:42,7337.67,WITHDRAWAL,Bank Transfer,WITHDRAWAL - ATM Withdrawal,FAILED,PHONE,Los Angeles,2024-03-26 22:20:42,False
TXN_00000205,CUST_000179,ACC_1499914,2024-02-03,00:10:51,414.06,PAYMENT,Insurance Payment,PAYMENT - Shell Gas Station,PENDING,BRANCH,Houston,2024-02-03 00:10:51,False
TXN_00000079,CUST_000194,ACC_4668136,2024-02-11,22:38:05,1978.01,REFUND,Shell Gas Station,WITHDRAWAL - Credit Card Payment,CANCELLED,MOBILE,Phoenix,2024-02-11 22:38:05,False
TXN_00000495,CUST_000078,ACC_7374122,2024-02-27,17:10:34,920.83,DEPOSIT,Salary Deposit,FEE - McDonalds Restaurant,CANCELLED,BRANCH,Los Angeles,2024-02-27 17:10:34,False
TXN_00000263,CUST_000130,ACC_6770619,2024-04-17,09:49:57,330.94,DEPOSIT,Amazon Online,PURCHASE - Walmart Store,CANCELLED,PHONE,Houston,2024-04-17 09:49:57,False
TXN_00000324,CUST_000194,ACC_2785277,2024-04-18,12:30:34,461.43,WITHDRAWAL,Amazon Online,FEE - Bank Transfer,FAILED,PHONE,Los Angeles,2024-04-18 12:30:34,False
TXN_00000484,CUST_000139,ACC_8973915,2024-04-06,08:44:39,795.51,FEE,Shell Gas Station,PURCHASE - Insurance Payment,COMPLETED,PHONE,Chicago,2024-04-06 08:44:39,False
TXN_00000080,CUST_000174,ACC_9517169,2024-02-04,16:07:22,145.21,PURCHASE,Water Utility,TRANSFER - Spotify Premium,CANCELLED,PHONE,New York,2024-02-04 16:07:22,False
TXN_00000040,CUST_000004,ACC_3154051,2024-03-11,10:40:55,55.78,WITHDRAWAL,Salary Deposit,DEPOSIT - Credit Card Payment,FAILED,ATM,New York,2024-03-11 10:40:55,False
TXN_00000452,CUST_000090,ACC_3728882,2024-03-08,03:43:28,726.62,WITHDRAWAL,Netflix Subscription,TRANSFER - Amazon Online,COMPLETED,ONLINE,Phoenix,2024-03-08 03:43:28,False
TXN_00000047,CUST_000024,ACC_3997281,2024-02-26,01:37:27,248.4,WITHDRAWAL,Bank Transfer,WITHDRAWAL - Insurance Payment,COMPLETED,ATM,Chicago,2024-02-26 01:37:27,False
TXN_00000239,CUST_000108,ACC_7455324,2024-03-28,08:41:31,2964.55,DEPOSIT,Walmart Store,PURCHASE - Gas Station,PENDING,BRANCH,Philadelphia,2024-03-28 08:41:31,False
TXN_00000392,CUST_000198,ACC_1790481,2024-02-26,14:04:38,407.96,WITHDRAWAL,Salary Deposit,REFUND - Walmart Store,COMPLETED,ATM,Los Angeles,2024-02-26 14:04:38,False
TXN_00000353,CUST_000187,ACC_1728977,2024-03-09,16:33:48,244.1,REFUND,Amazon Online,DEPOSIT - Gas Station,COMPLETED,BRANCH,Los Angeles,2024-03-09 16:33:48,False
TXN_00000342,CUST_000163,ACC_5476583,2024-02-26,02:35:20,4417.26,FEE,Insurance Payment,PURCHASE - Spotify Premium,PENDING,MOBILE,Phoenix,2024-02-26 02:35:20,False
TXN_00000278,CUST_000012,ACC_4698379,2024-01-16,18:46:39,374.25,WITHDRAWAL,Grocery Store,TRANSFER - Water Utility,FAILED,PHONE,New York,2024-01-16 18:46:39,False
TXN_00000291,CUST_000132,ACC_1938483,2024-04-23,16:56:08,118.85,PAYMENT,McDonalds Restaurant,PAYMENT - Target Store,FAILED,PHONE,Philadelphia,2024-04-23 16:56:08,False
TXN_00000318,CUST_000157,ACC_3154051,2024-03-21,01:40:51,4507.26,DEPOSIT,Shell Gas Station,TRANSFER - Target Store,FAILED,ATM,Chicago,2024-03-21 01:40:51,False
TXN_00000305,CUST_000050,ACC_8612220,2024-03-12,02:22:52,305.15,DEPOSIT,Gas Station,TRANSFER - Electric Company,PENDING,MOBILE,Phoenix,2024-03-12 02:22:52,False
TXN_00000269,CUST_000179,ACC_1538552,2024-04-04,11:47:41,122.61,REFUND,Walmart Store,DEPOSIT - ATM Withdrawal,CANCELLED,BRANCH,Phoenix,2024-04-04 11:47:41,False
TXN_00000070,CUST_000135,ACC_2714803,2024-01-31,08:11:16,372.15,REFUND,Shell Gas Station,DEPOSIT - Credit Card Payment,FAILED,PHONE,Phoenix,2024-01-31 08:11:16,False
TXN_00000456,CUST_000126,ACC_4612365,2024-03-19,12:11:41,148.15,FEE,Bank Transfer,PAYMENT - Restaurant,COMPLETED,MOBILE,Chicago,2024-03-19 12:11:41,False
TXN_00000466,CUST_000052,ACC_2921859,2024-04-12,19:14:04,340.66,FEE,ATM Withdrawal,WITHDRAWAL - Starbucks Coffee,PENDING,BRANCH,Los Angeles,2024-04-12 19:14:04,False
TXN_00000155,CUST_000063,ACC_7210606,2024-02-15,14:05:23,4860.48,WITHDRAWAL,Shell Gas Station,REFUND - Walmart Store,COMPLETED,MOBILE,Houston,2024-02-15 14:05:23,False
TXN_00000083,CUST_000112,ACC_4612365,2024-02-11,17:29:53,184.12,PAYMENT,Bank Transfer,PURCHASE - ATM Withdrawal,COMPLETED,MOBILE,Chicago,2024-02-11 17:29:53,False
TXN_00000478,CUST_000164,ACC_7067228,2024-04-23,09:38:10,580.23,PURCHASE,Spotify Premium,TRANSFER - Bank Transfer,CANCELLED,ATM,Phoenix,2024-04-23 09:38:10,False
TXN_00000173,CUST_000053,ACC_1938483,2024-03-19,03:37:27,353.84,FEE,Shell Gas Station,PURCHASE - Starbucks Coffee,PENDING,BRANCH,Chicago,2024-03-19 03:37:27,False
TXN_00000322,CUST_000114,ACC_6770619,2024-04-20,03:29:55,139.85,REFUND,Pharmacy,PAYMENT - Gas Station,CANCELLED,PHONE,Houston,2024-04-20 03:29:55,False
TXN_00000091,CUST_000176,ACC_2876828,2024-04-11,10:42:44,7518.36,TRANSFER,Bank Transfer,PURCHASE - Mortgage Payment,COMPLETED,BRANCH,Chicago,2024-04-11 10:42:44,False
TXN_00000181,CUST_000132,ACC_6708456,2024-02-05,10:20:45,288.5,PAYMENT,Bank Transfer,TRANSFER - Electric Company,PENDING,ATM,Los Angeles,2024-02-05 10:20:45,False
TXN_00000415,CUST_000161,ACC_5041154,2024-02-03,17:36:39,251.53,WITHDRAWAL,Water Utility,DEPOSIT - Spotify Premium,CANCELLED,BRANCH,Houston,2024-02-03 17:36:39,False
TXN_00000313,CUST_000180,ACC_9279821,2024-03-01,02:23:11,109.21,WITHDRAWAL,ATM Withdrawal,WITHDRAWAL - Credit Card Payment,PENDING,PHONE,Los Angeles,2024-03-01 02:23:11,False
TXN_00000279,CUST_000057,ACC_6770619,2024-04-28,14:52:42,82.38,REFUND,ATM Withdrawal,FEE - Pharmacy,FAILED,ATM,Chicago,2024-04-28 14:52:42,False
TXN_00000382,CUST_000135,ACC_6279418,2024-03-02,01:12:21,7458.19,FEE,Insurance Payment,PAYMENT - Starbucks Coffee,PENDING,ATM,Philadelphia,2024-03-02 01:12:21,False
TXN_00000473,CUST_000195,ACC_8612220,2024-02-02,10:39:51,48.1,REFUND,Walmart Store,PURCHASE - Target Store,PENDING,ONLINE,Houston,2024-02-02 10:39:51,False
TXN_00000363,CUST_000110,ACC_7455324,2024-02-26,03:44:20,8932.08,FEE,Walmart Store,PURCHASE - ATM Withdrawal,FAILED,MOBILE,Phoenix,2024-02-26 03:44:20,False
TXN_00000325,CUST_000184,ACC_3564251,2024-03-11,14:56:35,128.7,FEE,ATM Withdrawal,PAYMENT - Electric Company,COMPLETED,MOBILE,Philadelphia,2024-03-11 14:56:35,False
TXN_00000432,CUST_000118,ACC_5108603,2024-01-10,12:25:35,141.71,FEE,Restaurant,PURCHASE - Grocery Store,CANCELLED,ONLINE,Houston,2024-01-10 12:25:35,False
TXN_00000348,CUST_000115,ACC_8973915,2024-03-05,10:03:43,199.48,PURCHASE,Shell Gas Station,PAYMENT - Bank Transfer,FAILED,MOBILE,Los Angeles,2024-03-05 10:03:43,False
TXN_00000087,CUST_000190,ACC_1499914,2024-04-19,17:32:24,279.39,DEPOSIT,Gas Station,REFUND - Netflix Subscription,FAILED,PHONE,Houston,2024-04-19 17:32:24,False
TXN_00000076,CUST_000090,ACC_9153566,2024-01-14,11:09:42,424.4,WITHDRAWAL,Starbucks Coffee,FEE - Electric Company,PENDING,MOBILE,Phoenix,2024-01-14 11:09:42,False
TXN_00000439,CUST_000170,ACC_2871534,2024-01-24,20:10:13,14.99,PAYMENT,Spotify Premium,PAYMENT - Spotify Premium,COMPLETED,ONLINE,Chicago,2024-01-24 20:10:13,False
TXN_00000016,CUST_000007,ACC_2338687,2024-04-14,02:19:52,117.66,DEPOSIT,Insurance Payment,WITHDRAWAL - Shell Gas Station,FAILED,BRANCH,Philadelphia,2024-04-14 02:19:52,False
TXN_00000250,CUST_000134,ACC_2694522,2024-01-16,09:31:12,390.09,WITHDRAWAL,Bank Transfer,WITHDRAWAL - Target Store,COMPLETED,PHONE,Houston,2024-01-16 09:31:12,False
TXN_00000434,CUST_000089,ACC_2322047,2024-02-18,13:11:55,277.92,FEE,Electric Company,REFUND - Shell Gas Station,FAILED,ONLINE,Houston,2024-02-18 13:11:55,False
TXN_00000020,CUST_000104,ACC_2321324,2024-03-26,23:47:57,286.71,FEE,Amazon Online,WITHDRAWAL - Water Utility,PENDING,MOBILE,Phoenix,2024-03-26 23:47:57,False
TXN_00000323,CUST_000079,ACC_3320821,2024-03-22,13:30:34,49.33,DEPOSIT,Electric Company,PAYMENT - Water Utility,COMPLETED,ONLINE,Phoenix,2024-03-22 13:30:34,False
TXN_00000333,CUST_000166,ACC_5408072,2024-01-20,00:08:31,490.93,FEE,Credit Card Payment,REFUND - Netflix Subscription,COMPLETED,MOBILE,Chicago,2024-01-20 00:08:31,False
TXN_00000057,CUST_000038,ACC_3871230,2024-04-25,13:50:03,190.55,PURCHASE,Bank Transfer,PURCHASE - Target Store,PENDING,ATM,New York,2024-04-25 13:50:03,False
TXN_00000302,CUST_000103,ACC_1326765,2024-02-03,09:38:02,465.69,WITHDRAWAL,Restaurant,TRANSFER - Target Store,CANCELLED,MOBILE,New York,2024-02-03 09:38:02,False
TXN_00000230,CUST_000102,ACC_3396987,2024-01-23,10:39:38,203.85,REFUND,Spotify Premium,TRANSFER - Salary Deposit,FAILED,BRANCH,New York,2024-01-23 10:39:38,False
TXN_00000332,CUST_000064,ACC_7350753,2024-01-06,15:44:38,386.54,DEPOSIT,Shell Gas Station,REFUND - Restaurant,FAILED,ONLINE,New York,2024-01-06 15:44:38,False
TXN_00000133,CUST_000173,ACC_2338687,2024-02-28,10:00:47,151.04,PAYMENT,Restaurant,FEE - ATM Withdrawal,CANCELLED,PHONE,Chicago,2024-02-28 10:00:47,False
TXN_00000138,CUST_000107,ACC_8612220,2024-03-15,16:28:51,70.31,PURCHASE,Walmart Store,PURCHASE - Credit Card Payment,FAILED,ONLINE,Houston,2024-03-15 16:28:51,False
TXN_00000424,CUST_000036,ACC_4823498,2024-03-10,18:59:11,246.37,WITHDRAWAL,Credit Card Payment,PURCHASE - Walmart Store,FAILED,ONLINE,Houston,2024-03-10 18:59:11,False
TXN_00000336,CUST_000100,ACC_5855124,2024-02-16,01:20:46,483.75,PURCHASE,Salary Deposit,FEE - Pharmacy,PENDING,PHONE,Chicago,2024-02-16 01:20:46,False
TXN_00000026,CUST_000181,ACC_8606962,2024-02-10,00:08:09,348.51,TRANSFER,Bank Transfer,DEPOSIT - Insurance Payment,CANCELLED,MOBILE,New York,2024-02-10 00:08:09,False
TXN_00000465,CUST_000025,ACC_8612220,2024-03-21,01:57:19,613.17,FEE,Gas Station,TRANSFER - Starbucks Coffee,COMPLETED,MOBILE,Phoenix,2024-03-21 01:57:19,False
TXN_00000282,CUST_000018,ACC_5107245,2024-03-13,22:29:41,148.87,TRANSFER,Netflix Subscription,REFUND - Gas Station,CANCELLED,BRANCH,Chicago,2024-03-13 22:29:41,False
TXN_00000248,CUST_000168,ACC_3341057,2024-02-02,22:03:38,6788.71,TRANSFER,Starbucks Coffee,DEPOSIT - Credit Card Payment,CANCELLED,ONLINE,Phoenix,2024-02-02 22:03:38,False
TXN_00000238,CUST_000077,ACC_5855124,2024-02-05,12:16:41,446.73,PAYMENT,Grocery Store,FEE - Spotify Premium,COMPLETED,PHONE,Houston,2024-02-05 12:16:41,False
TXN_00000118,CUST_000118,ACC_2197935,2024-03-06,12:31:01,199.65,PAYMENT,Gas Station,WITHDRAWAL - Walmart Store,COMPLETED,BRANCH,Houston,2024-03-06 12:31:01,False
TXN_00000043,CUST_000142,ACC_8536477,2024-04-07,11:16:42,123.73,PAYMENT,Amazon Online,DEPOSIT - Credit Card Payment,CANCELLED,BRANCH,New York,2024-04-07 11:16:42,False
TXN_00000221,CUST_000181,ACC_2458591,2024-04-30,00:21:38,8985.65,DEPOSIT,Target Store,PURCHASE - Bank Transfer,PENDING,ONLINE,New York,2024-04-30 00:21:38,False
TXN_00000177,CUST_000107,ACC_5924115,2024-04-14,16:32:41,343.92,DEPOSIT,Target Store,TRANSFER - Gas Station,COMPLETED,ATM,Chicago,2024-04-14 16:32:41,False
TXN_00000321,CUST_000189,ACC_4842788,2024-03-20,18:59:56,118.53,DEPOSIT,McDonalds Restaurant,PAYMENT - Grocery Store,PENDING,ONLINE,New York,2024-03-20 18:59:56,False
TXN_00000154,CUST_000046,ACC_4612365,2024-02-05,12:01:32,6903.31,TRANSFER,Grocery Store,PAYMENT - Spotify Premium,PENDING,PHONE,Phoenix,2024-02-05 12:01:32,False
TXN_00000232,CUST_000015,ACC_6438436,2024-01-25,14:47:31,434.26,FEE,Target Store,TRANSFER - Water Utility,CANCELLED,ATM,Phoenix,2024-01-25 14:47:31,False
TXN_00000228,CUST_000118,ACC_5108603,2024-01-09,16:25:35,141.72,FEE,Restaurant,PURCHASE - Grocery Store,CANCELLED,ONLINE,Houston,2024-01-09 16:25:35,False
TXN_00000418,CUST_000046,ACC_1533224,2024-03-09,01:17:58,441.71,FEE,ATM Withdrawal,FEE - Salary Deposit,PENDING,BRANCH,New York,2024-03-09 01:17:58,False
TXN_00000204,CUST_000043,ACC_3653446,2024-01-10,01:49:49,81.93,DEPOSIT,Insurance Payment,DEPOSIT - Starbucks Coffee,FAILED,ATM,Houston,2024-01-10 01:49:49,False
TXN_00000127,CUST_000090,ACC_2161193,2024-02-08,23:13:44,161.94,FEE,Electric Company,WITHDRAWAL - Starbucks Coffee,CANCELLED,MOBILE,Chicago,2024-02-08 23:13:44,False
TXN_00000330,CUST_000175,ACC_6279418,2024-01-05,09:33:42,4991.84,WITHDRAWAL,Target Store,REFUND - Walmart Store,COMPLETED,BRANCH,Houston,2024-01-05 09:33:42,False
TXN_00000032,CUST_000148,ACC_2525206,2024-04-01,10:19:06,464.8,DEPOSIT,Netflix Subscription,TRANSFER - Gas Station,PENDING,ONLINE,Philadelphia,2024-04-01 10:19:06,False
TXN_00000114,CUST_000169,ACC_3342608,2024-03-09,18:10:37,1964.85,FEE,Gas Station,TRANSFER - Amazon Online,COMPLETED,ONLINE,Philadelphia,2024-03-09 18:10:37,False
TXN_00000471,CUST_000031,ACC_7089806,2024-01-01,17:15:12,976.91,PURCHASE,Mortgage Payment,FEE - Pharmacy,PENDING,MOBILE,Los Angeles,2024-01-01 17:15:12,False
TXN_00000272,CUST_000161,ACC_2110460,2024-04-29,10:59:20,387.96,DEPOSIT,Gas Station,PURCHASE - Mortgage Payment,COMPLETED,BRANCH,Phoenix,2024-04-29 10:59:20,False
TXN_00000141,CUST_000119,ACC_5041154,2024-01-17,01:53:00,489.35,DEPOSIT,Pharmacy,DEPOSIT - Spotify Premium,PENDING,MOBILE,Chicago,2024-01-17 01:53:00,False
TXN_00000058,CUST_000164,ACC_3741438,2024-02-18,11:31:58,119.93,DEPOSIT,Electric Company,REFUND - Amazon Online,CANCELLED,BRANCH,Philadelphia,2024-02-18 11:31:58,False
TXN_00000193,CUST_000129,ACC_9877065,2024-01-28,08:50:25,316.14,DEPOSIT,ATM Withdrawal,TRANSFER - Pharmacy,PENDING,BRANCH,New York,2024-01-28 08:50:25,False
TXN_00000025,CUST_000197,ACC_1326765,2024-04-05,03:16:48,320.64,DEPOSIT,Spotify Premium,WITHDRAWAL - Credit Card Payment,COMPLETED,BRANCH,Los Angeles,2024-04-05 03:16:48,False
TXN_00000018,CUST_000012,ACC_6707197,2024-02-25,16:07:24,2305.75,TRANSFER,Grocery Store,FEE - Pharmacy,PENDING,BRANCH,Houston,2024-02-25 16:07:24,False
TXN_00000266,CUST_000129,ACC_1971823,2024-02-07,18:08:45,479.37,REFUND,Insurance Payment,REFUND - Starbucks Coffee,FAILED,PHONE,Houston,2024-02-07 18:08:45,False
TXN_00000067,CUST_000140,ACC_7073292,2024-02-26,11:54:23,344.41,TRANSFER,ATM Withdrawal,WITHDRAWAL - Netflix Subscription,COMPLETED,MOBILE,New York,2024-02-26 11:54:23,False
TXN_00000209,CUST_000158,ACC_3871230,2024-04-26,12:28:56,308.98,REFUND,Water Utility,DEPOSIT - Bank Transfer,CANCELLED,ONLINE,New York,2024-04-26 12:28:56,False
TXN_00000480,CUST_000107,ACC_2571945,2024-04-26,18:57:00,44.86,DEPOSIT,Grocery Store,TRANSFER - Bank Transfer,CANCELLED,MOBILE,New York,2024-04-26 18:57:00,False
TXN_00000095,CUST_000096,ACC_2437026,2024-01-21,22:08:55,322.38,TRANSFER,Grocery Store,FEE - Starbucks Coffee,FAILED,ONLINE,Los Angeles,2024-01-21 22:08:55,False
TXN_00000254,CUST_000029,ACC_7022674,2024-02-19,15:51:26,399.47,REFUND,Walmart Store,FEE - Target Store,COMPLETED,MOBILE,Phoenix,2024-02-19 15:51:26,False
TXN_00000267,CUST_000109,ACC_5108603,2024-04-30,14:43:47,5572.08,PURCHASE,Starbucks Coffee,TRANSFER - ATM Withdrawal,PENDING,ONLINE,Philadelphia,2024-04-30 14:43:47,False
TXN_00000024,CUST_000153,ACC_9375710,2024-04-18,10:51:29,494.01,FEE,Credit Card Payment,PURCHASE - Grocery Store,CANCELLED,PHONE,Houston,2024-04-18 10:51:29,False
TXN_00000223,CUST_000053,ACC_7067228,2024-02-24,18:40:38,53.01,REFUND,Water Utility,TRANSFER - Salary Deposit,COMPLETED,BRANCH,Houston,2024-02-24 18:40:38,False
TXN_00000262,CUST_000056,ACC_1054447,2024-02-22,17:12:12,426.84,FEE,Netflix Subscription,REFUND - Insurance Payment,COMPLETED,MOBILE,New York,2024-02-22 17:12:12,False
TXN_00000427,CUST_000079,ACC_4514944,2024-02-03,11:57:41,201.2,DEPOSIT,Shell Gas Station,REFUND - Starbucks Coffee,COMPLETED,ATM,Houston,2024-02-03 11:57:41,False
TXN_00000006,CUST_000100,ACC_7366205,2024-03-02,14:57:03,6.07,FEE,Credit Card Payment,WITHDRAWAL - Bank Transfer,CANCELLED,ATM,Los Angeles,2024-03-02 14:57:03,False
TXN_00000117,CUST_000099,ACC_5218028,2024-01-31,12:28:15,30.05,PAYMENT,Target Store,FEE - Insurance Payment,FAILED,ATM,Los Angeles,2024-01-31 12:28:15,False
TXN_00000046,CUST_000059,ACC_8973915,2024-01-11,14:47:20,17.8,PURCHASE,Amazon Online,FEE - Electric Company,COMPLETED,ATM,Houston,2024-01-11 14:47:20,False
TXN_00000017,CUST_000046,ACC_3770370,2024-03-27,22:21:01,485.35,WITHDRAWAL,Walmart Store,TRANSFER - Restaurant,CANCELLED,BRANCH,Philadelphia,2024-03-27 22:21:01,False
TXN_00000463,CUST_000185,ACC_1499914,2024-02-13,01:21:50,408.48,PAYMENT,Grocery Store,DEPOSIT - Pharmacy,PENDING,PHONE,Los Angeles,2024-02-13 01:21:50,False
TXN_00000358,CUST_000036,ACC_3770370,2024-02-24,22:21:28,107.34,PURCHASE,Netflix Subscription,FEE - McDonalds Restaurant,FAILED,PHONE,Los Angeles,2024-02-24 22:21:28,False
TXN_00000004,CUST_000104,ACC_3342608,2024-02-29,00:43:41,1434.97,FEE,Starbucks Coffee,PAYMENT - Netflix Subscription,PENDING,PHONE,Houston,2024-02-29 00:43:41,False
TXN_00000219,CUST_000106,ACC_3564217,2024-01-14,00:24:28,484.71,DEPOSIT,Mortgage Payment,PURCHASE - ATM Withdrawal,COMPLETED,MOBILE,Phoenix,2024-01-14 00:24:28,False
TXN_00000406,CUST_000085,ACC_5661907,2024-04-11,01:57:02,482.85,FEE,Credit Card Payment,TRANSFER - Grocery Store,CANCELLED,ONLINE,Philadelphia,2024-04-11 01:57:02,False
TXN_00000061,CUST_000036,ACC_6708456,2024-01-25,18:48:46,342.02,REFUND,Walmart Store,WITHDRAWAL - Credit Card Payment,COMPLETED,PHONE,Chicago,2024-01-25 18:48:46,False
TXN_00000111,CUST_000034,ACC_3678638,2024-03-04,16:36:23,491.59,TRANSFER,Water Utility,DEPOSIT - Salary Deposit,CANCELLED,MOBILE,Phoenix,2024-03-04 16:36:23,False
TXN_00000319,CUST_000093,ACC_1326765,2024-02-07,22:41:25,225.22,DEPOSIT,Bank Transfer,PAYMENT - Target Store,COMPLETED,ATM,Philadelphia,2024-02-07 22:41:25,False
TXN_00000429,CUST_000150,ACC_8755439,2024-01-29,19:23:43,323.12,FEE,Shell Gas Station,TRANSFER - Shell Gas Station,PENDING,MOBILE,Los Angeles,2024-01-29 19:23:43,False
TXN_00000030,CUST_000139,ACC_4903402,2024-04-22,14:16:53,14.59,WITHDRAWAL,Spotify Premium,REFUND - Shell Gas Station,COMPLETED,ONLINE,Los Angeles,2024-04-22 14:16:53,False
TXN_00000438,CUST_000067,ACC_5479144,2024-03-27,15:48:26,14.99,PAYMENT,Netflix Subscription,PAYMENT - Netflix Subscription,COMPLETED,ONLINE,Los Angeles,2024-03-27 15:48:26,False
TXN_00000472,CUST_000039,ACC_9517485,2024-02-05,01:12:07,500.03,PAYMENT,Walmart Store,TRANSFER - Mortgage Payment,FAILED,ATM,Houston,2024-02-05 01:12:07,False
TXN_00000027,CUST_000098,ACC_2785277,2024-02-23,17:44:01,7773.15,TRANSFER,Mortgage Payment,WITHDRAWAL - ATM Withdrawal,CANCELLED,PHONE,Philadelphia,2024-02-23 17:44:01,False
TXN_00000008,CUST_000011,ACC_5667265,2024-03-27,03:07:56,291.56,DEPOSIT,Gas Station,PURCHASE - Grocery Store,FAILED,BRANCH,Los Angeles,2024-03-27 03:07:56,False
TXN_00000454,CUST_000020,ACC_8612220,2024-02-02,09:29:42,923.08,WITHDRAWAL,Bank Transfer,REFUND - Insurance Payment,FAILED,ATM,New York,2024-02-02 09:29:42,False
TXN_00000109,CUST_000052,ACC_7374122,2024-02-03,01:39:18,499.32,PAYMENT,Shell Gas Station,DEPOSIT - Target Store,CANCELLED,ONLINE,Philadelphia,2024-02-03 01:39:18,False
TXN_00000038,CUST_000081,ACC_2556017,2024-02-15,02:19:16,362.04,REFUND,Pharmacy,FEE - Target Store,PENDING,ATM,Philadelphia,2024-02-15 02:19:16,False
TXN_00000158,CUST_000190,ACC_5437923,2024-03-13,14:43:57,195.0,FEE,Shell Gas Station,PURCHASE - Mortgage Payment,COMPLETED,ONLINE,Houston,2024-03-13 14:43:57,False
TXN_00000490,CUST_000034,ACC_9517485,2024-02-07,13:43:34,349.97,DEPOSIT,Amazon Online,WITHDRAWAL - Netflix Subscription,COMPLETED,ONLINE,Los Angeles,2024-02-07 13:43:34,False
TXN_00000119,CUST_000035,ACC_7366205,2024-04-17,15:18:34,58.21,REFUND,Mortgage Payment,FEE - ATM Withdrawal,FAILED,ONLINE,Houston,2024-04-17 15:18:34,False
TXN_00000115,CUST_000161,ACC_5041154,2024-02-03,17:26:39,251.53,WITHDRAWAL,Water Utility,DEPOSIT - Spotify Premium,CANCELLED,BRANCH,Houston,2024-02-03 17:26:39,False
TXN_00000176,CUST_000036,ACC_4823498,2024-03-09,18:59:11,247.37,WITHDRAWAL,Credit Card Payment,PURCHASE - Walmart Store,FAILED,ONLINE,Houston,2024-03-09 18:59:11,False
TXN_00000374,CUST_000023,ACC_6007072,2024-03-30,08:06:36,316.34,REFUND,Restaurant,FEE - Water Utility,CANCELLED,PHONE,Chicago,2024-03-30 08:06:36,False
TXN_00000182,CUST_000161,ACC_9877065,2024-02-11,23:25:31,318.04,DEPOSIT,Credit Card Payment,TRANSFER - Shell Gas Station,CANCELLED,PHONE,Philadelphia,2024-02-11 23:25:31,False
TXN_00000145,CUST_000105,ACC_9996414,2024-02-14,23:24:50,349.67,WITHDRAWAL,ATM Withdrawal,PAYMENT - Pharmacy,CANCELLED,ATM,Los Angeles,2024-02-14 23:24:50,False
TXN_00000370,CUST_000169,ACC_9517485,2024-03-04,08:38:56,112.35,DEPOSIT,Bank Transfer,DEPOSIT - Shell Gas Station,COMPLETED,ATM,Phoenix,2024-03-04 08:38:56,False
TXN_00000391,CUST_000020,ACC_3154051,2024-02-25,13:34:44,332.99,FEE,Salary Deposit,TRANSFER - Gas Station,CANCELLED,BRANCH,Phoenix,2024-02-25 13:34:44,False
TXN_00000196,CUST_000069,ACC_2556017,2024-04-10,02:10:23,391.66,FEE,Amazon Online,WITHDRAWAL - Bank Transfer,FAILED,PHONE,New York,2024-04-10 02:10:23,False
TXN_00000405,CUST_000161,ACC_4905582,2024-03-31,15:16:43,135.95,DEPOSIT,Starbucks Coffee,PURCHASE - Spotify Premium,PENDING,BRANCH,Los Angeles,2024-03-31 15:16:43,False
TXN_00000276,CUST_000027,ACC_7377459,2024-01-09,18:49:13,4529.99,PURCHASE,Bank Transfer,REFUND - Shell Gas Station,PENDING,ONLINE,Houston,2024-01-09 18:49:13,False
TXN_00000455,CUST_000086,ACC_1445199,2024-02-05,01:24:24,261.95,FEE,Electric Company,PAYMENT - Credit Card Payment,COMPLETED,MOBILE,Los Angeles,2024-02-05 01:24:24,False
TXN_00000142,CUST_000158,ACC_4744854,2024-01-25,23:48:07,331.8,PAYMENT,Netflix Subscription,TRANSFER - Starbucks Coffee,COMPLETED,MOBILE,Phoenix,2024-01-25 23:48:07,False
TXN_00000366,CUST_000179,ACC_5041154,2024-03-23,16:07:11,469.23,PAYMENT,ATM Withdrawal,DEPOSIT - Insurance Payment,CANCELLED,ONLINE,Los Angeles,2024-03-23 16:07:11,False
TXN_00000068,CUST_000145,ACC_7377459,2024-03-23,08:03:50,494.47,TRANSFER,Pharmacy,PAYMENT - Gas Station,PENDING,ATM,Chicago,2024-03-23 08:03:50,False
TXN_00000211,CUST_000200,ACC_1938483,2024-02-19,08:20:38,448.4,TRANSFER,Salary Deposit,PURCHASE - Mortgage Payment,PENDING,ATM,New York,2024-02-19 08:20:38,False
TXN_00000169,CUST_000003,ACC_5661907,2024-03-23,14:48:21,4589.33,WITHDRAWAL,Spotify Premium,PURCHASE - Grocery Store,PENDING,MOBILE,Chicago,2024-03-23 14:48:21,False
TXN_00000494,CUST_000095,ACC_4823498,2024-03-14,04:28:16,209.13,REFUND,Walmart Store,REFUND - Insurance Payment,FAILED,ATM,Chicago,2024-03-14 04:28:16,False
TXN_00000376,CUST_000107,ACC_8852574,2024-02-29,09:47:54,309.58,TRANSFER,Insurance Payment,WITHDRAWAL - Pharmacy,PENDING,ONLINE,Philadelphia,2024-02-29 09:47:54,False
TXN_00000401,CUST_000104,ACC_3342608,2024-02-29,01:02:41,1434.97,FEE,Starbucks Coffee,PAYMENT - Netflix Subscription,PENDING,PHONE,Houston,2024-02-29 01:02:41,False
TXN_00000273,CUST_000090,ACC_3728882,2024-01-24,16:10:26,204.69,PAYMENT,Insurance Payment,WITHDRAWAL - Mortgage Payment,FAILED,ATM,Phoenix,2024-01-24 16:10:26,False
TXN_00000110,CUST_000041,ACC_4226067,2024-02-10,09:35:34,153.48,FEE,Mortgage Payment,PURCHASE - Spotify Premium,COMPLETED,ATM,Los Angeles,2024-02-10 09:35:34,False
TXN_00000249,CUST_000170,ACC_1326765,2024-03-30,18:40:00,332.52,WITHDRAWAL,Restaurant,PURCHASE - McDonalds Restaurant,CANCELLED,ONLINE,Phoenix,2024-03-30 18:40:00,False
TXN_00000146,CUST_000143,ACC_7089806,2024-03-31,15:58:03,484.05,PAYMENT,ATM Withdrawal,PAYMENT - Electric Company,PENDING,BRANCH,Philadelphia,2024-03-31 15:58:03,True
TXN_00000093,CUST_000043,ACC_2871534,2024-02-18,10:53:44,405.48,TRANSFER,Bank Transfer,WITHDRAWAL - Spotify Premium,CANCELLED,PHONE,Chicago,2024-02-18 10:53:44,False
TXN_00000153,CUST_000124,ACC_9517169,2024-01-28,13:03:39,467.28,TRANSFER,Amazon Online,PURCHASE - Pharmacy,CANCELLED,ONLINE,New York,2024-01-28 13:03:39,False
TXN_00000368,CUST_000197,ACC_7067228,2024-02-19,22:39:10,193.4,WITHDRAWAL,Gas Station,FEE - McDonalds Restaurant,PENDING,ATM,Los Angeles,2024-02-19 22:39:10,False
TXN_00000468,CUST_000026,ACC_2525206,2024-04-28,18:02:08,778.77,TRANSFER,Salary Deposit,TRANSFER - Amazon Online,COMPLETED,ATM,New York,2024-04-28 18:02:08,False
TXN_00000084,CUST_000050,ACC_8187926,2024-01-29,10:04:32,267.65,WITHDRAWAL,McDonalds Restaurant,PAYMENT - Starbucks Coffee,PENDING,BRANCH,Los Angeles,2024-01-29 10:04:32,False
TXN_00000246,CUST_000187,ACC_1326765,2024-03-16,09:52:02,148.96,PURCHASE,Grocery Store,WITHDRAWAL - Bank Transfer,PENDING,BRANCH,Houston,2024-03-16 09:52:02,False
TXN_00000166,CUST_000140,ACC_1768805,2024-02-11,14:23:07,2398.1,REFUND,Pharmacy,TRANSFER - Credit Card Payment,PENDING,MOBILE,Chicago,2024-02-11 14:23:07,False
TXN_00000164,CUST_000102,ACC_5443951,2024-03-04,11:29:06,8.35,FEE,Restaurant,DEPOSIT - Insurance Payment,CANCELLED,BRANCH,Houston,2024-03-04 11:29:06,False
TXN_00000200,CUST_000078,ACC_3871230,2024-02-09,16:29:00,149.34,DEPOSIT,Mortgage Payment,PURCHASE - Salary Deposit,PENDING,PHONE,Los Angeles,2024-02-09 16:29:00,False
TXN_00000229,CUST_000074,ACC_5017343,2024-03-13,09:59:06,54.99,WITHDRAWAL,Bank Transfer,WITHDRAWAL - ATM Withdrawal,CANCELLED,PHONE,Phoenix,2024-03-13 09:59:06,False
TXN_00000075,CUST_000172,ACC_7374122,2024-02-17,22:03:37,5835.99,DEPOSIT,Mortgage Payment,FEE - Bank Transfer,COMPLETED,BRANCH,Phoenix,2024-02-17 22:03:37,False
TXN_00000479,CUST_000187,ACC_2921859,2024-03-01,14:17:00,737.5,PAYMENT,Spotify Premium,WITHDRAWAL - Bank Transfer,PENDING,PHONE,Los Angeles,2024-03-01 14:17:00,False
TXN_00000359,CUST_000018,ACC_9153566,2024-04-26,01:41:59,83.23,PURCHASE,Starbucks Coffee,PAYMENT - Insurance Payment,PENDING,ONLINE,Chicago,2024-04-26 01:41:59,False
TXN_00000251,CUST_000029,ACC_3154051,2024-03-29,02:15:00,49.06,REFUND,Salary Deposit,PAYMENT - Shell Gas Station,COMPLETED,ONLINE,Chicago,2024-03-29 02:15:00,False
TXN_00000120,CUST_000141,ACC_1938483,2024-03-12,16:18:04,227.93,FEE,Restaurant,REFUND - Restaurant,COMPLETED,ATM,New York,2024-03-12 16:18:04,False
TXN_00000311,CUST_000109,ACC_2785277,2024-04-27,14:14:48,31.8,PURCHASE,Walmart Store,PURCHASE - Mortgage Payment,CANCELLED,ATM,Houston,2024-04-27 14:14:48,False
TXN_00000300,CUST_000102,ACC_5437923,2024-02-17,15:16:19,388.23,FEE,Starbucks Coffee,REFUND - Spotify Premium,CANCELLED,ATM,New York,2024-02-17 15:16:19,False
TXN_00000256,CUST_000058,ACC_3342608,2024-02-10,18:33:49,363.27,PURCHASE,Grocery Store,REFUND - Restaurant,COMPLETED,MOBILE,Philadelphia,2024-02-10 18:33:49,False
TXN_00000355,CUST_000153,ACC_6159230,2024-03-24,14:32:45,161.15,TRANSFER,Target Store,PAYMENT - Grocery Store,CANCELLED,PHONE,Philadelphia,2024-03-24 14:32:45,False
TXN_00000400,CUST_000157,ACC_4903402,2024-03-25,00:43:40,291.92,WITHDRAWAL,Pharmacy,FEE - Amazon Online,CANCELLED,MOBILE,Phoenix,2024-03-25 00:43:40,False
TXN_00000226,CUST_000102,ACC_8078673,2024-03-09,15:36:56,152.93,PURCHASE,Gas Station,PURCHASE - Gas Station,PENDING,ONLINE,Houston,2024-03-09 15:36:56,False
TXN_00000354,CUST_000018,ACC_3564251,2024-01-26,22:17:03,472.86,REFUND,Electric Company,REFUND - Mortgage Payment,COMPLETED,ONLINE,Chicago,2024-01-26 22:17:03,False
TXN_00000235,CUST_000069,ACC_7402509,2024-04-19,11:54:14,340.46,PURCHASE,Amazon Online,FEE - Amazon Online,CANCELLED,ATM,Philadelphia,2024-04-19 11:54:14,False
TXN_00000383,CUST_000153,ACC_3678638,2024-02-19,22:07:00,26.79,WITHDRAWAL,Credit Card Payment,TRANSFER - Starbucks Coffee,FAILED,ONLINE,Phoenix,2024-02-19 22:07:00,False
TXN_00000275,CUST_000076,ACC_2338687,2024-01-04,02:32:51,245.97,WITHDRAWAL,Grocery Store,TRANSFER - Starbucks Coffee,PENDING,PHONE,Phoenix,2024-01-04 02:32:51,False
TXN_00000037,CUST_000170,ACC_3770370,2024-02-27,00:18:14,125.44,WITHDRAWAL,Salary Deposit,PURCHASE - Grocery Store,FAILED,MOBILE,Philadelphia,2024-02-27 00:18:14,False
TXN_00000197,CUST_000146,ACC_5918715,2024-03-14,15:29:32,252.31,WITHDRAWAL,Target Store,WITHDRAWAL - Starbucks Coffee,COMPLETED,ATM,Philadelphia,2024-03-14 15:29:32,False
TXN_00000140,CUST_000097,ACC_2525206,2024-04-03,14:23:57,435.46,TRANSFER,Pharmacy,PAYMENT - Mortgage Payment,COMPLETED,ATM,Phoenix,2024-04-03 14:23:57,False
TXN_00000365,CUST_000199,ACC_1538552,2024-04-07,08:12:18,442.78,DEPOSIT,Target Store,DEPOSIT - Water Utility,COMPLETED,PHONE,Los Angeles,2024-04-07 08:12:18,False
TXN_00000245,CUST_000005,ACC_1419610,2024-01-26,00:57:20,267.86,REFUND,Spotify Premium,PAYMENT - Mortgage Payment,FAILED,ATM,New York,2024-01-26 00:57:20,False
TXN_00000440,CUST_000170,ACC_2871534,2024-02-24,11:03:41,14.99,PAYMENT,Spotify Premium,PAYMENT - Spotify Premium,COMPLETED,ONLINE,Los Angeles,2024-02-24 11:03:41,False
TXN_00000287,CUST_000094,ACC_3710343,2024-03-16,02:08:29,49.82,TRANSFER,Spotify Premium,FEE - Restaurant,PENDING,PHONE,Los Angeles,2024-03-16 02:08:29,False
TXN_00000060,CUST_000145,ACC_4668136,2024-02-15,12:01:53,140.87,PURCHASE,Salary Deposit,FEE - Water Utility,PENDING,PHONE,Chicago,2024-02-15 12:01:53,False
TXN_00000112,CUST_000200,ACC_2437026,2024-02-10,15:29:43,68.53,REFUND,Gas Station,PAYMENT - McDonalds Restaurant,CANCELLED,PHONE,New York,2024-02-10 15:29:43,False
TXN_00000090,CUST_000090,ACC_6279418,2024-04-26,10:21:05,75.01,REFUND,ATM Withdrawal,PAYMENT - Restaurant,COMPLETED,BRANCH,Phoenix,2024-04-26 10:21:05,False
TXN_00000437,CUST_000067,ACC_5479144,2024-02-11,02:09:38,14.99,PAYMENT,Netflix Subscription,PAYMENT - Netflix Subscription,COMPLETED,ONLINE,New York,2024-02-11 02:09:38,False
TXN_00000007,CUST_000123,ACC_3710343,2024-01-08,16:03:47,29.82,FEE,Grocery Store,PAYMENT - Walmart Store,COMPLETED,ATM,New York,2024-01-08 16:03:47,False
TXN_00000361,CUST_000021,ACC_2785277,2024-03-18,11:38:14,17.91,PAYMENT,Grocery Store,FEE - Restaurant,CANCELLED,BRANCH,Los Angeles,2024-03-18 11:38:14,False
TXN_00000347,CUST_000163,ACC_1790481,2024-01-16,01:47:41,9322.21,TRANSFER,Water Utility,PURCHASE - Walmart Store,FAILED,PHONE,Phoenix,2024-01-16 01:47:41,False
TXN_00000339,CUST_000107,ACC_9548432,2024-04-23,03:51:40,281.22,FEE,Walmart Store,FEE - Restaurant,FAILED,PHONE,New York,2024-04-23 03:51:40,False
TXN_00000159,CUST_000163,ACC_4684531,2024-01-10,17:38:25,3600.58,FEE,Credit Card Payment,DEPOSIT - Spotify Premium,FAILED,PHONE,Houston,2024-01-10 17:38:25,False
TXN_00000151,CUST_000186,ACC_4337174,2024-03-04,18:21:16,246.87,DEPOSIT,Target Store,REFUND - Mortgage Payment,PENDING,ATM,Philadelphia,2024-03-04 18:21:16,False
TXN_00000178,CUST_000127,ACC_2321324,2024-01-29,10:49:29,387.41,PURCHASE,Starbucks Coffee,PURCHASE - Starbucks Coffee,FAILED,PHONE,Chicago,2024-01-29 10:49:29,False
TXN_00000394,CUST_000003,ACC_1009594,2024-04-26,14:45:58,49.2,DEPOSIT,McDonalds Restaurant,FEE - Water Utility,COMPLETED,BRANCH,Phoenix,2024-04-26 14:45:58,False
TXN_00000185,CUST_000110,ACC_2694522,2024-04-17,09:59:54,230.98,REFUND,McDonalds Restaurant,REFUND - Water Utility,PENDING,BRANCH,New York,2024-04-17 09:59:54,False
TXN_00000450,CUST_000086,ACC_4684531,2024-03-08,23:43:37,150.0,PAYMENT,Mortgage Payment,PAYMENT - Mortgage Payment,COMPLETED,ONLINE,New York,2024-03-08 23:43:37,False
TXN_00000011,CUST_000040,ACC_4684531,2024-01-14,01:16:07,7552.96,WITHDRAWAL,Restaurant,PAYMENT - Insurance Payment,PENDING,BRANCH,Phoenix,2024-01-14 01:16:07,False
TXN_00000381,CUST_000029,ACC_9279821,2024-04-22,15:53:19,154.65,FEE,Walmart Store,FEE - Netflix Subscription,COMPLETED,MOBILE,Phoenix,2024-04-22 15:53:19,False
TXN_00000104,CUST_000048,ACC_7273233,2024-02-25,23:28:57,3720.85,REFUND,Salary Deposit,WITHDRAWAL - Grocery Store,FAILED,ONLINE,Philadelphia,2024-02-25 23:28:57,False
TXN_00000082,CUST_000020,ACC_4567281,2024-04-13,14:55:47,14.28,PURCHASE,Bank Transfer,PURCHASE - ATM Withdrawal,CANCELLED,BRANCH,New York,2024-04-13 14:55:47,False
TXN_00000039,CUST_000076,ACC_6960453,2024-04-02,16:38:18,8409.97,WITHDRAWAL,Target Store,WITHDRAWAL - Amazon Online,PENDING,BRANCH,New York,2024-04-02 16:38:18,False
TXN_00000315,CUST_000065,ACC_2161193,2024-04-24,22:34:46,245.88,FEE,Gas Station,TRANSFER - ATM Withdrawal,COMPLETED,ATM,New York,2024-04-24 22:34:46,False
TXN_00000168,CUST_000138,ACC_1109031,2024-02-21,14:34:02,182.97,TRANSFER,Spotify Premium,REFUND - Mortgage Payment,PENDING,PHONE,New York,2024-02-21 14:34:02,False
TXN_00000470,CUST_000045,ACC_1533224,2024-03-07,14:26:15,598.29,REFUND,Salary Deposit,PURCHASE - Shell Gas Station,FAILED,BRANCH,Houston,2024-03-07 14:26:15,False
TXN_00000297,CUST_000190,ACC_8973915,2024-02-24,15:50:49,296.58,TRANSFER,Bank Transfer,PAYMENT - Electric Company,CANCELLED,ATM,New York,2024-02-24 15:50:49,False
TXN_00000475,CUST_000106,ACC_2694522,2024-01-30,03:15:47,378.65,PAYMENT,Shell Gas Station,DEPOSIT - Gas Station,CANCELLED,ONLINE,Houston,2024-01-30 03:15:47,False
TXN_00000199,CUST_000014,ACC_2166941,2024-04-02,09:36:23,338.3,PAYMENT,Grocery Store,TRANSFER - ATM Withdrawal,COMPLETED,MOBILE,Chicago,2024-04-02 09:36:23,False
TXN_00000298,CUST_000148,ACC_1326765,2024-04-22,12:12:00,395.76,TRANSFER,Grocery Store,TRANSFER - ATM Withdrawal,PENDING,BRANCH,Houston,2024-04-22 12:12:00,False
TXN_00000417,CUST_000035,ACC_7366205,2024-04-17,15:44:34,58.21,REFUND,Mortgage Payment,FEE - ATM Withdrawal,FAILED,ONLINE,Houston,2024-04-17 15:44:34,False
TXN_00000147,CUST_000097,ACC_1499914,2024-02-27,00:34:46,989.6,FEE,Shell Gas Station,PAYMENT - Gas Station,PENDING,MOBILE,Los Angeles,2024-02-27 00:34:46,False
TXN_00000393,CUST_000075,ACC_3564251,2024-04-25,00:48:09,229.22,PURCHASE,Gas Station,DEPOSIT - Netflix Subscription,PENDING,BRANCH,Chicago,2024-04-25 00:48:09,False
TXN_00000148,CUST_000192,ACC_2785277,2024-02-12,08:13:59,372.03,PAYMENT,Restaurant,REFUND - Netflix Subscription,CANCELLED,ATM,Phoenix,2024-02-12 08:13:59,False
TXN_00000448,CUST_000086,ACC_4684531,2024-01-09,03:16:41,150.0,PAYMENT,Mortgage Payment,PAYMENT - Mortgage Payment,COMPLETED,ONLINE,Chicago,2024-01-09 03:16:41,False
TXN_00000288,CUST_000124,ACC_7073292,2024-01-23,17:42:55,7491.24,TRANSFER,Spotify Premium,FEE - Salary Deposit,PENDING,ONLINE,Chicago,2024-01-23 17:42:55,False
TXN_00000124,CUST_000063,ACC_8078673,2024-03-08,17:49:53,411.72,PURCHASE,Starbucks Coffee,PAYMENT - Amazon Online,CANCELLED,BRANCH,Houston,2024-03-08 17:49:53,False
TXN_00000369,CUST_000047,ACC_2556017,2024-01-07,12:46:49,3243.42,PAYMENT,Netflix Subscription,TRANSFER - Restaurant,FAILED,ONLINE,Houston,2024-01-07 12:46:49,False
TXN_00000097,CUST_000038,ACC_5437923,2024-02-17,13:59:06,6674.63,TRANSFER,Water Utility,FEE - Salary Deposit,PENDING,MOBILE,Houston,2024-02-17 13:59:06,False
TXN_00000144,CUST_000106,ACC_5491946,2024-04-14,12:56:09,5451.89,WITHDRAWAL,Walmart Store,PURCHASE - Gas Station,PENDING,MOBILE,Phoenix,2024-04-14 12:56:09,False
TXN_00000240,CUST_000044,ACC_9153566,2024-03-28,15:58:42,153.6,PAYMENT,Water Utility,TRANSFER - Salary Deposit,PENDING,BRANCH,Philadelphia,2024-03-28 15:58:42,False
TXN_00000443,CUST_000122,ACC_2110460,2024-02-08,12:43:45,1200.0,PAYMENT,Electric Company,PAYMENT - Electric Company,COMPLETED,ONLINE,Los Angeles,2024-02-08 12:43:45,False
TXN_00000098,CUST_000156,ACC_7089806,2024-04-25,12:13:53,470.41,DEPOSIT,Starbucks Coffee,FEE - Water Utility,PENDING,BRANCH,New York,2024-04-25 12:13:53,False
TXN_00000408,CUST_000134,ACC_2110460,2024-03-05,17:12:46,434.16,DEPOSIT,Amazon Online,TRANSFER - Salary Deposit,CANCELLED,MOBILE,Philadelphia,2024-03-05 17:12:46,False
TXN_00000123,CUST_000186,ACC_2719583,2024-01-03,18:07:26,399.39,PURCHASE,Salary Deposit,WITHDRAWAL - Gas Station,PENDING,ONLINE,Phoenix,2024-01-03 18:07:26,False
TXN_00000184,CUST_000148,ACC_7022674,2024-02-24,03:17:20,3708.67,PURCHASE,Salary Deposit,FEE - Insurance Payment,COMPLETED,ONLINE,New York,2024-02-24 03:17:20,False
TXN_00000203,CUST_000075,ACC_8755439,2024-02-20,17:03:27,69.7,FEE,Insurance Payment,FEE - ATM Withdrawal,FAILED,BRANCH,Houston,2024-02-20 17:03:27,False
TXN_00000247,CUST_000055,ACC_3341057,2024-01-25,14:01:14,492.52,PURCHASE,Grocery Store,PAYMENT - Starbucks Coffee,FAILED,ONLINE,Houston,2024-01-25 14:01:14,False
TXN_00000306,CUST_000138,ACC_8973915,2024-01-10,13:07:51,132.56,WITHDRAWAL,Credit Card Payment,DEPOSIT - Gas Station,CANCELLED,ATM,Chicago,2024-01-10 13:07:51,False
TXN_00000299,CUST_000094,ACC_6440561,2024-01-20,17:16:16,4523.83,REFUND,ATM Withdrawal,FEE - Netflix Subscription,CANCELLED,PHONE,Phoenix,2024-01-20 17:16:16,False
TXN_00000352,CUST_000074,ACC_5108603,2024-04-19,08:15:39,8753.15,WITHDRAWAL,Starbucks Coffee,WITHDRAWAL - Credit Card Payment,CANCELLED,ONLINE,Chicago,2024-04-19 08:15:39,False
TXN_00000387,CUST_000196,ACC_9398441,2024-04-14,18:51:34,461.78,PURCHASE,McDonalds Restaurant,TRANSFER - Credit Card Payment,COMPLETED,MOBILE,Chicago,2024-04-14 18:51:34,False
TXN_00000396,CUST_000107,ACC_3094235,2024-03-25,10:12:35,462.62,WITHDRAWAL,McDonalds Restaurant,PAYMENT - Amazon Online,COMPLETED,ONLINE,Los Angeles,2024-03-25 10:12:35,False
TXN_00000285,CUST_000036,ACC_5017343,2024-02-09,09:11:41,421.69,PAYMENT,Electric Company,REFUND - Shell Gas Station,COMPLETED,ONLINE,Phoenix,2024-02-09 09:11:41,False
TXN_00000126,CUST_000185,ACC_7366205,2024-01-23,16:21:34,387.13,PURCHASE,Salary Deposit,PAYMENT - Spotify Premium,FAILED,PHONE,Chicago,2024-01-23 16:21:34,False
TXN_00000303,CUST_000133,ACC_4514944,2024-03-25,22:18:12,301.76,PURCHASE,Target Store,REFUND - Walmart Store,FAILED,ATM,Philadelphia,2024-03-25 22:18:12,False
TXN_00000224,CUST_000098,ACC_9548432,2024-04-24,09:41:34,188.66,PAYMENT,Credit Card Payment,TRANSFER - Electric Company,CANCELLED,MOBILE,Chicago,2024-04-24 09:41:34,False
TXN_00000419,CUST_000173,ACC_2338687,2024-02-28,10:09:47,151.04,PAYMENT,Restaurant,FEE - ATM Withdrawal,CANCELLED,PHONE,Chicago,2024-02-28 10:09:47,False
TXN_00000220,CUST_000082,ACC_8755439,2024-03-28,15:04:51,3301.63,TRANSFER,Shell Gas Station,WITHDRAWAL - Target Store,CANCELLED,ATM,Philadelphia,2024-03-28 15:04:51,False
TXN_00000130,CUST_000123,ACC_2694522,2024-01-01,01:26:41,8844.8,FEE,Water Utility,WITHDRAWAL - Water Utility,COMPLETED,ONLINE,Philadelphia,2024-01-01 01:26:41,False
TXN_00000421,CUST_000023,ACC_4823498,2024-01-13,07:28:23,56.6,DEPOSIT,Credit Card Payment,PURCHASE - Pharmacy,CANCELLED,ONLINE,New York,2024-01-13 07:28:23,False
TXN_00000290,CUST_000133,ACC_5107245,2024-01-23,14:23:37,418.56,DEPOSIT,Spotify Premium,PURCHASE - ATM Withdrawal,FAILED,BRANCH,Houston,2024-01-23 14:23:37,False
TXN_00000445,CUST_000074,ACC_8294150,2024-01-13,21:20:33,9.99,PAYMENT,Insurance Payment,PAYMENT - Insurance Payment,COMPLETED,ONLINE,Chicago,2024-01-13 21:20:33,False
TXN_00000377,CUST_000002,ACC_2714803,2024-02-06,09:19:19,165.34,REFUND,Insurance Payment,WITHDRAWAL - ATM Withdrawal,COMPLETED,ATM,Los Angeles,2024-02-06 09:19:19,False
TXN_00000292,CUST_000054,ACC_2322047,2024-03-25,13:46:07,242.01,REFUND,Bank Transfer,TRANSFER - Spotify Premium,COMPLETED,ATM,Phoenix,2024-03-25 13:46:07,False
TXN_00000356,CUST_000089,ACC_7700828,2024-02-01,02:21:31,82.72,WITHDRAWAL,Water Utility,PAYMENT - Grocery Store,FAILED,ONLINE,Philadelphia,2024-02-01 02:21:31,False
TXN_00000295,CUST_000130,ACC_5218028,2024-01-30,10:06:01,430.5,FEE,McDonalds Restaurant,PURCHASE - Starbucks Coffee,PENDING,MOBILE,Phoenix,2024-01-30 10:06:01,False
TXN_00000397,CUST_000117,ACC_1192619,2024-03-03,10:05:08,210.85,PURCHASE,Target Store,DEPOSIT - Grocery Store,CANCELLED,PHONE,Houston,2024-03-03 10:05:08,False
TXN_00000341,CUST_000110,ACC_3608513,2024-04-05,18:36:22,352.76,PAYMENT,Target Store,PURCHASE - ATM Withdrawal,FAILED,ATM,Phoenix,2024-04-05 18:36:22,False
TXN_00000113,CUST_000133,ACC_4842788,2024-03-07,10:10:20,2641.97,FEE,Shell Gas Station,WITHDRAWAL - Netflix Subscription,FAILED,ATM,Philadelphia,2024-03-07 10:10:20,False
TXN_00000180,CUST_000182,ACC_2921859,2024-01-16,01:13:51,346.12,PAYMENT,Restaurant,PAYMENT - Netflix Subscription,PENDING,ONLINE,Phoenix,2024-01-16 01:13:51,False
TXN_00000308,CUST_000088,ACC_8536477,2024-03-30,01:18:05,375.65,PURCHASE,Target Store,DEPOSIT - Insurance Payment,FAILED,ATM,Phoenix,2024-03-30 01:18:05,False
TXN_00000433,CUST_000093,ACC_4905582,2024-01-05,06:53:03,230.95,WITHDRAWAL,Mortgage Payment,FEE - Credit Card Payment,CANCELLED,ONLINE,Philadelphia,2024-01-05 06:53:03,False
TXN_00000488,CUST_000116,ACC_9548432,2024-03-27,17:57:18,800.9,REFUND,Shell Gas Station,PAYMENT - Credit Card Payment,COMPLETED,ONLINE,Houston,2024-03-27 17:57:18,False
TXN_00000482,CUST_000042,ACC_1054447,2024-01-03,15:42:19,858.63,REFUND,Gas Station,TRANSFER - Credit Card Payment,CANCELLED,ATM,Houston,2024-01-03 15:42:19,False
TXN_00000423,CUST_000110,ACC_5418934,2024-04-13,09:33:11,168.83,PAYMENT,ATM Withdrawal,REFUND - Target Store,PENDING,MOBILE,Houston,2024-04-13 09:33:11,False
TXN_00000234,CUST_000089,ACC_2322047,2024-02-17,15:11:55,277.91,FEE,Electric Company,REFUND - Shell Gas Station,FAILED,ONLINE,Houston,2024-02-17 15:11:55,False
TXN_00000312,CUST_000149,ACC_5661907,2024-03-30,13:44:00,109.32,WITHDRAWAL,Mortgage Payment,PURCHASE - Electric Company,PENDING,PHONE,Chicago,2024-03-30 13:44:00,False
TXN_00000165,CUST_000052,ACC_2785277,2024-04-20,17:08:19,473.9,WITHDRAWAL,Target Store,DEPOSIT - Insurance Payment,FAILED,MOBILE,Phoenix,2024-04-20 17:08:19,False
TXN_00000137,CUST_000052,ACC_3154051,2024-02-16,17:07:03,9077.44,PURCHASE,McDonalds Restaurant,PAYMENT - Insurance Payment,CANCELLED,ONLINE,Philadelphia,2024-02-16 17:07:03,False
TXN_00000198,CUST_000039,ACC_2166941,2024-01-06,00:15:02,194.57,FEE,Walmart Store,PURCHASE - Bank Transfer,PENDING,BRANCH,Los Angeles,2024-01-06 00:15:02,False
TXN_00000259,CUST_000143,ACC_2321324,2024-01-16,23:41:01,209.11,TRANSFER,Shell Gas Station,FEE - Restaurant,FAILED,PHONE,Phoenix,2024-01-16 23:41:01,False
TXN_00000233,CUST_000093,ACC_4905582,2024-01-04,11:53:03,230.94,WITHDRAWAL,Mortgage Payment,FEE - Credit Card Payment,CANCELLED,ONLINE,Philadelphia,2024-01-04 11:53:03,False
TXN_00000116,CUST_000081,ACC_9375710,2024-01-08,14:30:29,305.3,REFUND,Mortgage Payment,DEPOSIT - McDonalds Restaurant,FAILED,PHONE,Phoenix,2024-01-08 14:30:29,False
TXN_00000121,CUST_000103,ACC_3710343,2024-04-11,22:23:48,303.22,TRANSFER,Walmart Store,TRANSFER - McDonalds Restaurant,FAILED,MOBILE,Phoenix,2024-04-11 22:23:48,False
TXN_00000350,CUST_000083,ACC_8973915,2024-01-26,16:15:15,389.5,TRANSFER,Starbucks Coffee,REFUND - Bank Transfer,CANCELLED,BRANCH,Chicago,2024-01-26 16:15:15,False
TXN_00000225,CUST_000089,ACC_1971823,2024-02-04,10:48:44,47.43,DEPOSIT,Gas Station,PAYMENT - Pharmacy,COMPLETED,MOBILE,Phoenix,2024-02-04 10:48:44,False
TXN_00000403,CUST_000110,ACC_9548432,2024-04-18,10:01:36,176.87,TRANSFER,Grocery Store,REFUND - Insurance Payment,COMPLETED,MOBILE,Houston,2024-04-18 10:01:36,False
TXN_00000398,CUST_000183,ACC_3710343,2024-01-29,17:00:36,366.8,WITHDRAWAL,Bank Transfer,PURCHASE - Gas Station,FAILED,ONLINE,New York,2024-01-29 17:00:36,False
TXN_00000128,CUST_000168,ACC_3741438,2024-04-12,08:18:45,462.38,REFUND,Salary Deposit,PAYMENT - Netflix Subscription,FAILED,PHONE,Philadelphia,2024-04-12 08:18:45,False
TXN_00000286,CUST_000067,ACC_5041154,2024-04-14,14:49:37,23.14,PURCHASE,Salary Deposit,REFUND - McDonalds Restaurant,FAILED,MOBILE,Los Angeles,2024-04-14 14:49:37,False
TXN_00000412,CUST_000153,ACC_5017343,2024-02-23,17:59:04,453.05,TRANSFER,Grocery Store,PURCHASE - Spotify Premium,PENDING,BRANCH,Houston,2024-02-23 17:59:04,False
TXN_00000108,CUST_000030,ACC_2719583,2024-01-10,16:23:25,142.95,REFUND,Target Store,DEPOSIT - Grocery Store,CANCELLED,PHONE,New York,2024-01-10 16:23:25,False
TXN_00000371,CUST_000010,ACC_8707870,2024-03-21,11:03:11,328.37,FEE,Walmart Store,REFUND - Gas Station,FAILED,BRANCH,New York,2024-03-21 11:03:11,False
TXN_00000326,CUST_000191,ACC_6159230,2024-04-07,22:51:44,145.92,FEE,Electric Company,DEPOSIT - Netflix Subscription,COMPLETED,ATM,Los Angeles,2024-04-07 22:51:44,False
TXN_00000134,CUST_000099,ACC_5479144,2024-03-26,10:30:20,564.89,DEPOSIT,Electric Company,WITHDRAWAL - Water Utility,COMPLETED,BRANCH,Philadelphia,2024-03-26 10:30:20,False
TXN_00000453,CUST_000032,ACC_2556017,2024-03-25,06:38:40,90.95,PURCHASE,McDonalds Restaurant,DEPOSIT - Gas Station,PENDING,ONLINE,Los Angeles,2024-03-25 06:38:40,False
TXN_00000045,CUST_000032,ACC_9398441,2024-01-22,22:47:52,147.86,REFUND,Water Utility,REFUND - ATM Withdrawal,FAILED,PHONE,Phoenix,2024-01-22 22:47:52,False
TXN_00000461,CUST_000028,ACC_7073292,2024-02-08,22:24:57,489.07,REFUND,Credit Card Payment,REFUND - Netflix Subscription,PENDING,ONLINE,Los Angeles,2024-02-08 22:24:57,False
TXN_00000066,CUST_000107,ACC_5661907,2024-04-05,16:26:37,81.49,FEE,Salary Deposit,PURCHASE - Bank Transfer,FAILED,ONLINE,Philadelphia,2024-04-05 16:26:37,False
TXN_00000284,CUST_000190,ACC_6707197,2024-02-10,01:00:20,114.66,WITHDRAWAL,Mortgage Payment,PAYMENT - Insurance Payment,CANCELLED,MOBILE,Houston,2024-02-10 01:00:20,False
TXN_00000086,CUST_000019,ACC_6279418,2024-03-01,12:50:17,179.21,DEPOSIT,Credit Card Payment,TRANSFER - Walmart Store,FAILED,BRANCH,New York,2024-03-01 12:50:17,False
TXN_00000243,CUST_000021,ACC_9517169,2024-03-13,03:09:20,2213.39,WITHDRAWAL,Target Store,WITHDRAWAL - Walmart Store,COMPLETED,MOBILE,Chicago,2024-03-13 03:09:20,False
TXN_00000187,CUST_000031,ACC_1192619,2024-03-16,18:28:00,175.07,REFUND,McDonalds Restaurant,DEPOSIT - Shell Gas Station,PENDING,MOBILE,New York,2024-03-16 18:28:00,False
TXN_00000384,CUST_000198,ACC_2871534,2024-03-22,02:12:12,268.48,REFUND,Starbucks Coffee,WITHDRAWAL - McDonalds Restaurant,PENDING,BRANCH,New York,2024-03-22 02:12:12,False
TXN_00000160,CUST_000183,ACC_4698379,2024-03-28,14:05:49,400.04,TRANSFER,Electric Company,PAYMENT - ATM Withdrawal,PENDING,MOBILE,Chicago,2024-03-28 14:05:49,False
TXN_00000013,CUST_000095,ACC_5446912,2024-03-12,09:56:44,5683.11,PURCHASE,McDonalds Restaurant,DEPOSIT - McDonalds Restaurant,COMPLETED,BRANCH,Chicago,2024-03-12 09:56:44,False
TXN_00000036,CUST_000049,ACC_1109031,2024-02-03,17:44:56,10.02,PAYMENT,Bank Transfer,DEPOSIT - Pharmacy,PENDING,MOBILE,Philadelphia,2024-02-03 17:44:56,False
TXN_00000029,CUST_000119,ACC_1768805,2024-04-26,17:42:01,217.16,TRANSFER,Electric Company,DEPOSIT - Insurance Payment,PENDING,MOBILE,Chicago,2024-04-26 17:42:01,False
TXN_00000171,CUST_000082,ACC_8038374,2024-01-27,13:30:06,349.9,WITHDRAWAL,Walmart Store,FEE - Starbucks Coffee,COMPLETED,BRANCH,Philadelphia,2024-01-27 13:30:06,False
TXN_00000143,CUST_000199,ACC_9478454,2024-04-21,08:25:28,112.55,PAYMENT,Grocery Store,WITHDRAWAL - Spotify Premium,FAILED,PHONE,Phoenix,2024-04-21 08:25:28,False
TXN_00000399,CUST_000135,ACC_1938483,2024-03-31,17:30:44,366.44,DEPOSIT,Grocery Store,TRANSFER - Grocery Store,COMPLETED,ATM,Houston,2024-03-31 17:30:44,False
TXN_00000343,CUST_000073,ACC_4744854,2024-02-02,15:28:25,22.16,PURCHASE,McDonalds Restaurant,WITHDRAWAL - Amazon Online,FAILED,ATM,Los Angeles,2024-02-02 15:28:25,False
TXN_00000222,CUST_000073,ACC_5491946,2024-01-25,16:46:59,136.31,PAYMENT,Starbucks Coffee,TRANSFER - ATM Withdrawal,CANCELLED,ATM,New York,2024-01-25 16:46:59,False
TXN_00000096,CUST_000090,ACC_2719583,2024-04-25,14:05:58,228.31,DEPOSIT,Walmart Store,DEPOSIT - Grocery Store,FAILED,ATM,Houston,2024-04-25 14:05:58,False
TXN_00000052,CUST_000169,ACC_4337174,2024-03-05,08:18:46,295.53,FEE,McDonalds Restaurant,DEPOSIT - Pharmacy,CANCELLED,BRANCH,Chicago,2024-03-05 08:18:46,False
TXN_00000241,CUST_000058,ACC_4539704,2024-04-07,23:57:21,115.02,DEPOSIT,Insurance Payment,WITHDRAWAL - Electric Company,FAILED,MOBILE,New York,2024-04-07 23:57:21,False
TXN_00000485,CUST_000094,ACC_9398441,2024-04-23,01:07:24,621.04,WITHDRAWAL,Mortgage Payment,PAYMENT - Pharmacy,COMPLETED,PHONE,Los Angeles,2024-04-23 01:07:24,False
TXN_00000379,CUST_000005,ACC_5663623,2024-01-08,02:36:46,279.81,PURCHASE,Insurance Payment,FEE - Mortgage Payment,COMPLETED,ATM,Chicago,2024-01-08 02:36:46,False
TXN_00000179,CUST_000168,ACC_9961380,2024-04-06,15:34:13,1472.96,WITHDRAWAL,Walmart Store,DEPOSIT - Electric Company,FAILED,ONLINE,Houston,2024-04-06 15:34:13,False
TXN_00000042,CUST_000114,ACC_5491946,2024-03-18,17:14:49,228.0,FEE,Gas Station,DEPOSIT - Water Utility,COMPLETED,PHONE,Philadelphia,2024-03-18 17:14:49,False
TXN_00000499,CUST_000101,ACC_2338687,2024-03-27,21:05:32,493.01,PURCHASE,Restaurant,PURCHASE - Walmart Store,FAILED,MOBILE,Los Angeles,2024-03-27 21:05:32,False
TXN_00000422,CUST_000082,ACC_8038374,2024-01-28,08:30:06,349.91,WITHDRAWAL,Walmart Store,FEE - Starbucks Coffee,COMPLETED,BRANCH,Philadelphia,2024-01-28 08:30:06,False
TXN_00000207,CUST_000150,ACC_8755439,2024-01-29,14:23:43,324.12,FEE,Shell Gas Station,TRANSFER - Shell Gas Station,PENDING,MOBILE,Los Angeles,2024-01-29 14:23:43,False
TXN_00000283,CUST_000116,ACC_3396987,2024-03-24,12:39:04,3518.97,PURCHASE,Water Utility,REFUND - Gas Station,PENDING,PHONE,Phoenix,2024-03-24 12:39:04,False
TXN_00000255,CUST_000176,ACC_7022674,2024-03-13,10:39:24,307.62,DEPOSIT,Salary Deposit,TRANSFER - Bank Transfer,CANCELLED,ONLINE,New York,2024-03-13 10:39:24,False
TXN_00000413,CUST_000093,ACC_8038374,2024-02-15,14:31:42,264.12,PURCHASE,Pharmacy,PURCHASE - Grocery Store,COMPLETED,MOBILE,Houston,2024-02-15 14:31:42,False
TXN_00000005,CUST_000141,ACC_5661907,2024-01-24,11:55:59,404.97,TRANSFER,Pharmacy,FEE - Amazon Online,COMPLETED,ATM,Los Angeles,2024-01-24 11:55:59,False
TXN_00000257,CUST_000157,ACC_4903402,2024-03-02,18:41:24,414.09,TRANSFER,Target Store,PURCHASE - Salary Deposit,CANCELLED,ATM,New York,2024-03-02 18:41:24,False
TXN_00000449,CUST_000086,ACC_4684531,2024-02-13,14:49:43,150.0,PAYMENT,Mortgage Payment,PAYMENT - Mortgage Payment,COMPLETED,ONLINE,Chicago,2024-02-13 14:49:43,False
TXN_00000101,CUST_000062,ACC_3608513,2024-02-19,02:47:01,38.44,FEE,Gas Station,REFUND - Insurance Payment,PENDING,ONLINE,Chicago,2024-02-19 02:47:01,False
TXN_00000227,CUST_000112,ACC_2694522,2024-01-22,01:08:02,494.2,FEE,McDonalds Restaurant,FEE - Restaurant,FAILED,BRANCH,Philadelphia,2024-01-22 01:08:02,False
TXN_00000430,CUST_000100,ACC_7700828,2024-01-31,17:48:14,490.42,FEE,Target Store,PAYMENT - Spotify Premium,FAILED,BRANCH,Phoenix,2024-01-31 17:48:14,False
TXN_00000214,CUST_000088,ACC_2166941,2024-01-03,08:21:58,404.19,FEE,Insurance Payment,TRANSFER - Amazon Online,PENDING,PHONE,Philadelphia,2024-01-03 08:21:58,False
TXN_00000172,CUST_000110,ACC_5418934,2024-04-12,11:33:11,168.84,PAYMENT,ATM Withdrawal,REFUND - Target Store,PENDING,MOBILE,Houston,2024-04-12 11:33:11,False
TXN_00000099,CUST_000153,ACC_5017343,2024-02-23,17:29:04,453.05,TRANSFER,Grocery Store,PURCHASE - Spotify Premium,PENDING,BRANCH,Houston,2024-02-23 17:29:04,False
TXN_00000293,CUST_000047,ACC_9197443,2024-01-18,08:57:36,87.34,DEPOSIT,Restaurant,PURCHASE - Amazon Online,FAILED,ONLINE,Los Angeles,2024-01-18 08:57:36,False
TXN_00000216,CUST_000178,ACC_7073292,2024-02-25,03:41:20,484.53,PAYMENT,Gas Station,FEE - Target Store,CANCELLED,BRANCH,Philadelphia,2024-02-25 03:41:20,False
TXN_00000062,CUST_000139,ACC_3320821,2024-01-12,02:47:26,70.42,PURCHASE,Grocery Store,WITHDRAWAL - Target Store,FAILED,MOBILE,Chicago,2024-01-12 02:47:26,False
TXN_00000048,CUST_000081,ACC_5107245,2024-03-04,14:52:48,230.14,WITHDRAWAL,Starbucks Coffee,FEE - ATM Withdrawal,COMPLETED,PHONE,Houston,2024-03-04 14:52:48,False
TXN_00000033,CUST_000110,ACC_9548432,2024-04-18,09:50:36,176.87,TRANSFER,Grocery Store,REFUND - Insurance Payment,COMPLETED,MOBILE,Houston,2024-04-18 09:50:36,False
TXN_00000268,CUST_000177,ACC_7730428,2024-02-04,01:18:43,420.49,PAYMENT,Pharmacy,TRANSFER - Mortgage Payment,CANCELLED,ONLINE,Phoenix,2024-02-04 01:18:43,False
TXN_00000328,CUST_000108,ACC_6279418,2024-02-26,01:05:09,112.51,FEE,Salary Deposit,WITHDRAWAL - Credit Card Payment,COMPLETED,BRANCH,New York,2024-02-26 01:05:09,False
TXN_00000201,CUST_000003,ACC_5443951,2024-04-29,11:34:22,348.26,TRANSFER,ATM Withdrawal,FEE - Water Utility,COMPLETED,ATM,Phoenix,2024-04-29 11:34:22,False
TXN_00000447,CUST_000074,ACC_8294150,2024-03-12,13:39:58,9.99,PAYMENT,Insurance Payment,PAYMENT - Insurance Payment,COMPLETED,ONLINE,Chicago,2024-03-12 13:39:58,False
TXN_00000028,CUST_000100,ACC_3342608,2024-04-12,11:31:14,245.39,REFUND,ATM Withdrawal,REFUND - Target Store,CANCELLED,ATM,Phoenix,2024-04-12 11:31:14,False
TXN_00000425,CUST_000107,ACC_5924115,2024-04-15,02:32:41,343.91,DEPOSIT,Target Store,TRANSFER - Gas Station,COMPLETED,ATM,Chicago,2024-04-15 02:32:41,False
TXN_00000231,CUST_000059,ACC_6770619,2024-04-11,12:53:31,7006.09,WITHDRAWAL,Credit Card Payment,FEE - Insurance Payment,FAILED,MOBILE,Phoenix,2024-04-11 12:53:31,False
TXN_00000261,CUST_000141,ACC_1326765,2024-03-25,13:22:53,400.96,WITHDRAWAL,Starbucks Coffee,TRANSFER - Target Store,CANCELLED,ATM,Philadelphia,2024-03-25 13:22:53,False
TXN_00000289,CUST_000117,ACC_2571945,2024-01-06,16:58:50,237.49,TRANSFER,Insurance Payment,TRANSFER - Grocery Store,FAILED,BRANCH,Phoenix,2024-01-06 16:58:50,False
TXN_00000163,CUST_000112,ACC_6440561,2024-02-18,12:19:17,36.32,DEPOSIT,Water Utility,DEPOSIT - Shell Gas Station,FAILED,BRANCH,Los Angeles,2024-02-18 12:19:17,False
TXN_00000426,CUST_000132,ACC_6708456,2024-02-05,13:20:45,289.5,PAYMENT,Bank Transfer,TRANSFER - Electric Company,PENDING,ATM,Los Angeles,2024-02-05 13:20:45,False
TXN_00000139,CUST_000139,ACC_1445199,2024-01-01,22:04:02,351.69,TRANSFER,Salary Deposit,TRANSFER - Water Utility,CANCELLED,ATM,Los Angeles,2024-01-01 22:04:02,False
TXN_00000063,CUST_000174,ACC_8082668,2024-02-13,03:04:09,116.68,FEE,Pharmacy,WITHDRAWAL - Shell Gas Station,CANCELLED,ONLINE,Chicago,2024-02-13 03:04:09,False
TXN_00000136,CUST_000121,ACC_5017343,2024-01-18,15:47:38,352.46,FEE,Netflix Subscription,FEE - Spotify Premium,COMPLETED,PHONE,Houston,2024-01-18 15:47:38,False
TXN_00000129,CUST_000058,ACC_4514944,2024-01-14,17:15:15,453.07,TRANSFER,Starbucks Coffee,DEPOSIT - Insurance Payment,CANCELLED,ONLINE,Philadelphia,2024-01-14 17:15:15,False
TXN_00000477,CUST_000146,ACC_1445199,2024-02-12,04:02:44,284.2,TRANSFER,Credit Card Payment,DEPOSIT - Bank Transfer,PENDING,BRANCH,Los Angeles,2024-02-12 04:02:44,False
TXN_00000009,CUST_000193,ACC_4698379,2024-02-10,14:08:42,231.33,TRANSFER,Credit Card Payment,PURCHASE - Gas Station,COMPLETED,ONLINE,Phoenix,2024-02-10 14:08:42,False
TXN_00000327,CUST_000005,ACC_9996414,2024-03-22,15:17:44,97.96,TRANSFER,Pharmacy,TRANSFER - Target Store,COMPLETED,BRANCH,Chicago,2024-03-22 15:17:44,False
TXN_00000464,CUST_000037,ACC_4337174,2024-04-28,02:02:47,655.56,DEPOSIT,Restaurant,TRANSFER - Spotify Premium,PENDING,ONLINE,Los Angeles,2024-04-28 02:02:47,False
TXN_00000065,CUST_000010,ACC_2110460,2024-03-22,23:19:41,74.19,DEPOSIT,Starbucks Coffee,TRANSFER - Spotify Premium,PENDING,MOBILE,Houston,2024-03-22 23:19:41,False
TXN_00000301,CUST_000100,ACC_1419610,2024-02-21,22:39:44,30.77,FEE,Shell Gas Station,FEE - McDonalds Restaurant,CANCELLED,PHONE,Houston,2024-02-21 22:39:44,False
TXN_00000015,CUST_000106,ACC_9961380,2024-04-13,14:01:11,169.43,WITHDRAWAL,Target Store,FEE - Starbucks Coffee,CANCELLED,ONLINE,Houston,2024-04-13 14:01:11,False
TXN_00000157,CUST_000169,ACC_8078673,2024-03-01,09:43:59,273.8,PAYMENT,Insurance Payment,TRANSFER - Netflix Subscription,PENDING,MOBILE,New York,2024-03-01 09:43:59,False
TXN_00000041,CUST_000014,ACC_9996414,2024-04-20,09:25:31,316.58,PAYMENT,Gas Station,WITHDRAWAL - Shell Gas Station,PENDING,ONLINE,Phoenix,2024-04-20 09:25:31,False
TXN_00000380,CUST_000048,ACC_2714803,2024-02-13,23:34:53,304.82,FEE,Water Utility,REFUND - Insurance Payment,COMPLETED,BRANCH,Houston,2024-02-13 23:34:53,False
TXN_00000469,CUST_000073,ACC_9877065,2024-03-31,20:37:56,695.04,FEE,Salary Deposit,REFUND - McDonalds Restaurant,PENDING,ATM,Chicago,2024-03-31 20:37:56,False
TXN_00000404,CUST_000114,ACC_5491946,2024-03-18,17:28:49,228.0,FEE,Gas Station,DEPOSIT - Water Utility,COMPLETED,PHONE,Philadelphia,2024-03-18 17:28:49,False
TXN_00000217,CUST_000146,ACC_8078673,2024-01-17,08:44:36,497.17,PAYMENT,Restaurant,WITHDRAWAL - Restaurant,PENDING,PHONE,New York,2024-01-17 08:44:36,False
TXN_00000280,CUST_000143,ACC_1728977,2024-04-27,23:41:23,605.93,TRANSFER,Walmart Store,TRANSFER - Gas Station,CANCELLED,PHONE,Phoenix,2024-04-27 23:41:23,False
TXN_00000435,CUST_000170,ACC_9279821,2024-03-28,05:25:37,259.2,PURCHASE,Restaurant,PURCHASE - Water Utility,FAILED,ONLINE,Houston,2024-03-28 05:25:37,False
TXN_00000431,CUST_000082,ACC_8755439,2024-03-28,16:04:51,3300.63,TRANSFER,Shell Gas Station,WITHDRAWAL - Target Store,CANCELLED,ATM,Philadelphia,2024-03-28 16:04:51,False
TXN_00000338,CUST_000013,ACC_3320821,2024-03-23,23:31:33,297.2,PAYMENT,Restaurant,REFUND - Shell Gas Station,COMPLETED,ATM,Philadelphia,2024-03-23 23:31:33,False
TXN_00000237,CUST_000170,ACC_9279821,2024-03-27,17:25:37,258.2,PURCHASE,Restaurant,PURCHASE - Water Utility,FAILED,ONLINE,Houston,2024-03-27 17:25:37,False
TXN_00000208,CUST_000147,ACC_5476583,2024-04-18,02:07:02,981.06,FEE,ATM Withdrawal,DEPOSIT - Amazon Online,CANCELLED,MOBILE,Los Angeles,2024-04-18 02:07:02,False
TXN_00000213,CUST_000127,ACC_1971823,2024-03-30,17:36:09,98.18,WITHDRAWAL,Target Store,DEPOSIT - Walmart Store,COMPLETED,ONLINE,Los Angeles,2024-03-30 17:36:09,False
TXN_00000296,CUST_000155,ACC_1971823,2024-04-22,22:48:07,331.4,FEE,Amazon Online,FEE - Bank Transfer,CANCELLED,BRANCH,New York,2024-04-22 22:48:07,False
TXN_00000458,CUST_000101,ACC_8973915,2024-01-20,22:21:57,8.69,REFUND,Salary Deposit,DEPOSIT - Bank Transfer,CANCELLED,ONLINE,Phoenix,2024-01-20 22:21:57,False
TXN_00000252,CUST_000011,ACC_6292423,2024-02-28,02:16:29,407.52,WITHDRAWAL,Insurance Payment,DEPOSIT - Starbucks Coffee,COMPLETED,ONLINE,New York,2024-02-28 02:16:29,False
TXN_00000489,CUST_000028,ACC_5918715,2024-04-24,05:18:04,279.56,REFUND,McDonalds Restaurant,DEPOSIT - McDonalds Restaurant,PENDING,PHONE,New York,2024-04-24 05:18:04,False
TXN_00000487,CUST_000109,ACC_6440561,2024-04-24,08:32:43,59.19,WITHDRAWAL,Mortgage Payment,DEPOSIT - Salary Deposit,COMPLETED,MOBILE,Phoenix,2024-04-24 08:32:43,False
TXN_00000304,CUST_000151,ACC_2694522,2024-01-21,12:49:25,200.6,PURCHASE,Amazon Online,REFUND - Shell Gas Station,COMPLETED,PHONE,Chicago,2024-01-21 12:49:25,False
TXN_00000351,CUST_000114,ACC_8707870,2024-02-14,08:49:19,178.11,DEPOSIT,Walmart Store,FEE - Spotify Premium,PENDING,BRANCH,Los Angeles,2024-02-14 08:49:19,False
TXN_00000270,CUST_000058,ACC_9548432,2024-04-05,17:55:49,4709.11,FEE,Gas Station,PURCHASE - Restaurant,PENDING,ATM,Chicago,2024-04-05 17:55:49,False
TXN_00000202,CUST_000060,ACC_1326765,2024-02-23,08:09:45,26.73,DEPOSIT,Mortgage Payment,DEPOSIT - Shell Gas Station,COMPLETED,PHONE,Los Angeles,2024-02-23 08:09:45,False
TXN_00000162,CUST_000106,ACC_3564251,2024-03-11,17:50:20,617.24,FEE,Shell Gas Station,REFUND - Pharmacy,PENDING,PHONE,Phoenix,2024-03-11 17:50:20,False
TXN_00000044,CUST_000161,ACC_4905582,2024-03-31,15:04:43,135.95,DEPOSIT,Starbucks Coffee,PURCHASE - Spotify Premium,PENDING,BRANCH,Los Angeles,2024-03-31 15:04:43,False
TXN_00000218,CUST_000023,ACC_5443951,2024-01-19,09:15:22,2094.93,DEPOSIT,Amazon Online,WITHDRAWAL - Netflix Subscription,PENDING,ONLINE,Chicago,2024-01-19 09:15:22,False
TXN_00000402,CUST_000012,ACC_6707197,2024-02-25,16:31:24,2305.75,TRANSFER,Grocery Store,FEE - Pharmacy,PENDING,BRANCH,Houston,2024-02-25 16:31:24,False
TXN_00000191,CUST_000127,ACC_2839607,2024-04-05,18:03:50,9569.38,TRANSFER,Spotify Premium,DEPOSIT - Restaurant,COMPLETED,PHONE,New York,2024-04-05 18:03:50,False
TXN_00000310,CUST_000011,ACC_6007072,2024-01-11,18:31:39,429.26,WITHDRAWAL,Restaurant,WITHDRAWAL - Salary Deposit,FAILED,MOBILE,Los Angeles,2024-01-11 18:31:39,False
TXN_00000260,CUST_000117,ACC_3396987,2024-03-26,13:23:52,115.34,PURCHASE,Restaurant,PURCHASE - Salary Deposit,FAILED,MOBILE,New York,2024-03-26 13:23:52,False
TXN_00000106,CUST_000015,ACC_8536477,2024-04-03,02:39:27,490.11,REFUND,ATM Withdrawal,WITHDRAWAL - Grocery Store,PENDING,ONLINE,Los Angeles,2024-04-03 02:39:27,False
TXN_00000054,CUST_000085,ACC_5661907,2024-04-11,01:31:02,482.85,FEE,Credit Card Payment,TRANSFER - Grocery Store,CANCELLED,ONLINE,Philadelphia,2024-04-11 01:31:02,False
TXN_00000390,CUST_000141,ACC_7350753,2024-04-11,15:25:37,312.33,DEPOSIT,ATM Withdrawal,TRANSFER - Insurance Payment,PENDING,PHONE,Houston,2024-04-11 15:25:37,False
TXN_00000002,CUST_000162,ACC_1445199,2024-02-13,16:14:37,40.14,PAYMENT,Shell Gas Station,TRANSFER - Insurance Payment,COMPLETED,PHONE,Los Angeles,2024-02-13 16:14:37,False
TXN_00000442,CUST_000122,ACC_2110460,2024-01-16,23:48:59,1200.0,PAYMENT,Electric Company,PAYMENT - Electric Company,COMPLETED,ONLINE,Chicago,2024-01-16 23:48:59,False
TXN_00000483,CUST_000181,ACC_2867825,2024-01-24,11:40:29,861.08,TRANSFER,ATM Withdrawal,REFUND - Insurance Payment,COMPLETED,BRANCH,Houston,2024-01-24 11:40:29,False
TXN_00000050,CUST_000024,ACC_7210606,2024-03-18,23:10:19,278.36,FEE,Starbucks Coffee,DEPOSIT - Starbucks Coffee,PENDING,MOBILE,Philadelphia,2024-03-18 23:10:19,False
TXN_00000420,CUST_000143,ACC_7089806,2024-03-31,16:00:03,484.05,PAYMENT,ATM Withdrawal,PAYMENT - Electric Company,PENDING,BRANCH,Philadelphia,2024-03-31 16:00:03,True
TXN_00000081,CUST_000128,ACC_5476583,2024-02-08,01:48:16,64.39,PAYMENT,McDonalds Restaurant,DEPOSIT - Pharmacy,PENDING,PHONE,Phoenix,2024-02-08 01:48:16,False
TXN_00000206,CUST_000141,ACC_9961380,2024-03-27,10:01:25,5781.56,TRANSFER,Credit Card Payment,TRANSFER - McDonalds Restaurant,COMPLETED,ONLINE,New York,2024-03-27 10:01:25,False
TXN_00000035,CUST_000146,ACC_1790481,2024-02-11,00:17:56,376.49,WITHDRAWAL,Amazon Online,DEPOSIT - Insurance Payment,PENDING,MOBILE,Los Angeles,2024-02-11 00:17:56,False
TXN_00000264,CUST_000027,ACC_3564251,2024-04-09,01:44:37,408.55,REFUND,Restaurant,PURCHASE - Insurance Payment,CANCELLED,MOBILE,Phoenix,2024-04-09 01:44:37,False
TXN_00000428,CUST_000175,ACC_4226067,2024-04-29,23:55:53,185.87,FEE,Salary Deposit,FEE - Shell Gas Station,COMPLETED,PHONE,New York,2024-04-29 23:55:53,False
TXN_00000367,CUST_000167,ACC_2322047,2024-04-24,01:56:29,165.42,REFUND,Starbucks Coffee,TRANSFER - Starbucks Coffee,CANCELLED,BRANCH,New York,2024-04-24 01:56:29,False
TXN_00000092,CUST_000076,ACC_5661907,2024-01-28,15:12:14,1971.98,PURCHASE,Pharmacy,FEE - Grocery Store,COMPLETED,BRANCH,Phoenix,2024-01-28 15:12:14,True
TXN_00000340,CUST_000099,ACC_5855124,2024-04-16,11:33:06,119.35,PAYMENT,Grocery Store,REFUND - Spotify Premium,PENDING,PHONE,Philadelphia,2024-04-16 11:33:06,False
TXN_00000474,CUST_000061,ACC_5924115,2024-03-06,03:04:57,594.74,WITHDRAWAL,Bank Transfer,PAYMENT - Insurance Payment,PENDING,ONLINE,Chicago,2024-03-06 03:04:57,False
TXN_00000053,CUST_000099,ACC_4514944,2024-03-10,13:55:12,2768.65,FEE,Bank Transfer,TRANSFER - Insurance Payment,CANCELLED,MOBILE,Houston,2024-03-10 13:55:12,False
TXN_00000346,CUST_000148,ACC_1790481,2024-03-29,00:38:41,366.74,TRANSFER,Walmart Store,FEE - Insurance Payment,FAILED,MOBILE,Houston,2024-03-29 00:38:41,False
TXN_00000265,CUST_000106,ACC_6438436,2024-04-07,14:21:18,71.02,WITHDRAWAL,Pharmacy,FEE - Insurance Payment,PENDING,ATM,Los Angeles,2024-04-07 14:21:18,False
TXN_00000242,CUST_000031,ACC_1790481,2024-04-20,17:39:04,101.3,PURCHASE,Water Utility,DEPOSIT - Walmart Store,PENDING,ATM,Los Angeles,2024-04-20 17:39:04,False
TXN_00000014,CUST_000027,ACC_7700828,2024-04-11,00:57:22,128.52,FEE,Pharmacy,FEE - Bank Transfer,PENDING,ATM,Los Angeles,2024-04-11 00:57:22,False
TXN_00000316,CUST_000093,ACC_2161193,2024-02-02,18:06:28,133.59,PURCHASE,Electric Company,WITHDRAWAL - Amazon Online,CANCELLED,ONLINE,Chicago,2024-02-02 18:06:28,False
TXN_00000089,CUST_000086,ACC_4335942,2024-02-19,13:43:38,317.29,WITHDRAWAL,Starbucks Coffee,PURCHASE - ATM Withdrawal,FAILED,BRANCH,Philadelphia,2024-02-19 13:43:38,False
TXN_00000388,CUST_000067,ACC_3320821,2024-03-31,03:14:14,448.37,DEPOSIT,Target Store,REFUND - Insurance Payment,FAILED,MOBILE,Houston,2024-03-31 03:14:14,False
TXN_00000274,CUST_000165,ACC_3871230,2024-03-12,23:00:07,225.61,TRANSFER,Insurance Payment,DEPOSIT - Starbucks Coffee,CANCELLED,BRANCH,Phoenix,2024-03-12 23:00:07,False
TXN_00000167,CUST_000065,ACC_3094235,2024-01-09,03:43:31,154.9,REFUND,Bank Transfer,FEE - ATM Withdrawal,COMPLETED,MOBILE,Phoenix,2024-01-09 03:43:31,False
TXN_00000329,CUST_000065,ACC_1790481,2024-01-19,14:04:34,100.14,FEE,Amazon Online,TRANSFER - Spotify Premium,CANCELLED,MOBILE,Los Angeles,2024-01-19 14:04:34,False
TXN_00000493,CUST_000042,ACC_5017343,2024-02-06,14:10:39,288.82,PAYMENT,McDonalds Restaurant,PAYMENT - Spotify Premium,COMPLETED,ONLINE,Chicago,2024-02-06 14:10:39,False
TXN_00000135,CUST_000181,ACC_6279418,2024-01-31,09:29:19,344.61,REFUND,Starbucks Coffee,REFUND - Water Utility,FAILED,PHONE,Los Angeles,2024-01-31 09:29:19,False
TXN_00000307,CUST_000098,ACC_3728882,2024-02-28,17:55:01,132.62,REFUND,Spotify Premium,FEE - Insurance Payment,CANCELLED,BRANCH,Phoenix,2024-02-28 17:55:01,False
TXN_00000481,CUST_000143,ACC_5108603,2024-02-27,15:15:05,694.69,DEPOSIT,Netflix Subscription,PAYMENT - Mortgage Payment,FAILED,ATM,New York,2024-02-27 15:15:05,False
TXN_00000320,CUST_000025,ACC_4335942,2024-02-02,23:47:05,201.54,DEPOSIT,Pharmacy,TRANSFER - Amazon Online,CANCELLED,PHONE,New York,2024-02-02 23:47:05,False
TXN_00000244,CUST_000158,ACC_6707197,2024-04-09,10:31:50,48.58,REFUND,Bank Transfer,DEPOSIT - Bank Transfer,CANCELLED,MOBILE,New York,2024-04-09 10:31:50,False
TXN_00000055,CUST_000160,ACC_8082668,2024-04-21,10:04:30,136.19,REFUND,Shell Gas Station,FEE - Insurance Payment,CANCELLED,BRANCH,Philadelphia,2024-04-21 10:04:30,False
TXN_00000364,CUST_000028,ACC_3653446,2024-03-14,16:41:56,24.06,DEPOSIT,Walmart Store,PAYMENT - Grocery Store,CANCELLED,ONLINE,Phoenix,2024-03-14 16:41:56,False
TXN_00000051,CUST_000049,ACC_1009594,2024-03-31,15:30:15,76.6,REFUND,McDonalds Restaurant,FEE - Shell Gas Station,FAILED,MOBILE,Chicago,2024-03-31 15:30:15,False
TXN_00000457,CUST_000147,ACC_5107245,2024-01-14,01:04:04,778.35,TRANSFER,Salary Deposit,PAYMENT - Amazon Online,COMPLETED,MOBILE,Chicago,2024-01-14 01:04:04,False
TXN_00000175,CUST_000037,ACC_1009594,2024-03-27,09:15:19,189.79,DEPOSIT,Bank Transfer,PURCHASE - McDonalds Restaurant,CANCELLED,MOBILE,Los Angeles,2024-03-27 09:15:19,False
TXN_00000446,CUST_000074,ACC_8294150,2024-02-02,03:58:34,9.99,PAYMENT,Insurance Payment,PAYMENT - Insurance Payment,COMPLETED,ONLINE,Chicago,2024-02-02 03:58:34,False
TXN_00000190,CUST_000156,ACC_4842788,2024-01-18,18:05:15,302.0,FEE,Amazon Online,FEE - Water Utility,PENDING,PHONE,Phoenix,2024-01-18 18:05:15,False
TXN_00000497,CUST_000036,ACC_2437026,2024-04-03,15:57:02,121.29,TRANSFER,ATM Withdrawal,PURCHASE - Spotify Premium,CANCELLED,BRANCH,New York,2024-04-03 15:57:02,False
TXN_00000188,CUST_000193,ACC_6770619,2024-01-14,13:56:19,387.86,REFUND,McDonalds Restaurant,TRANSFER - Grocery Store,COMPLETED,PHONE,Philadelphia,2024-01-14 13:56:19,False
TXN_00000170,CUST_000076,ACC_9877065,2024-04-08,16:09:22,5086.33,TRANSFER,Starbucks Coffee,FEE - McDonalds Restaurant,FAILED,BRANCH,Chicago,2024-04-08 16:09:22,False
TXN_00000059,CUST_000065,ACC_8612220,2024-01-10,13:37:19,215.03,FEE,Water Utility,PAYMENT - ATM Withdrawal,CANCELLED,ONLINE,Los Angeles,2024-01-10 13:37:19,False
TXN_00000049,CUST_000053,ACC_5528972,2024-01-25,17:48:31,381.2,PURCHASE,McDonalds Restaurant,WITHDRAWAL - Credit Card Payment,CANCELLED,ONLINE,New York,2024-01-25 17:48:31,False
TXN_00000345,CUST_000146,ACC_7120868,2024-04-23,11:16:51,287.39,REFUND,Shell Gas Station,REFUND - Insurance Payment,CANCELLED,ATM,Houston,2024-04-23 11:16:51,False
TXN_00000236,CUST_000182,ACC_6440561,2024-04-12,12:38:51,7271.03,DEPOSIT,ATM Withdrawal,FEE - Mortgage Payment,CANCELLED,BRANCH,Los Angeles,2024-04-12 12:38:51,False
TXN_00000253,CUST_000188,ACC_8090293,2024-03-25,13:22:57,312.79,WITHDRAWAL,Insurance Payment,PAYMENT - Starbucks Coffee,CANCELLED,MOBILE,Houston,2024-03-25 13:22:57,False
TXN_00000022,CUST_000197,ACC_4698379,2024-01-29,01:01:02,240.19,DEPOSIT,Bank Transfer,REFUND - Gas Station,PENDING,MOBILE,Houston,2024-01-29 01:01:02,False
TXN_00000314,CUST_000098,ACC_4905582,2024-03-28,09:46:17,5775.73,PAYMENT,McDonalds Restaurant,DEPOSIT - Amazon Online,PENDING,MOBILE,Houston,2024-03-28 09:46:17,False
TXN_00000460,CUST_000021,ACC_1054447,2024-02-16,17:54:21,761.65,WITHDRAWAL,Netflix Subscription,PAYMENT - Pharmacy,COMPLETED,MOBILE,Los Angeles,2024-02-16 17:54:21,False
TXN_00000161,CUST_000023,ACC_4823498,2024-01-12,12:28:23,55.6,DEPOSIT,Credit Card Payment,PURCHASE - Pharmacy,CANCELLED,ONLINE,New York,2024-01-12 12:28:23,False
TXN_00000277,CUST_000059,ACC_8755439,2024-01-05,08:11:50,39.87,DEPOSIT,ATM Withdrawal,DEPOSIT - ATM Withdrawal,CANCELLED,BRANCH,New York,2024-01-05 08:11:50,False
TXN_00000444,CUST_000122,ACC_2110460,2024-03-16,08:09:33,1200.0,PAYMENT,Electric Company,PAYMENT - Electric Company,COMPLETED,ONLINE,Los Angeles,2024-03-16 08:09:33,False
TXN_00000192,CUST_000175,ACC_4226067,2024-04-29,14:55:53,185.88,FEE,Salary Deposit,FEE - Shell Gas Station,COMPLETED,PHONE,New York,2024-04-29 14:55:53,False
TXN_00000386,CUST_000023,ACC_2921859,2024-01-07,15:57:43,194.88,DEPOSIT,Target Store,REFUND - Restaurant,CANCELLED,PHONE,Chicago,2024-01-07 15:57:43,False
TXN_00000294,CUST_000150,ACC_1768805,2024-03-01,01:14:53,75.64,PURCHASE,Grocery Store,WITHDRAWAL - Target Store,FAILED,MOBILE,Phoenix,2024-03-01 01:14:53,False
TXN_00000414,CUST_000034,ACC_3678638,2024-03-04,17:00:23,491.59,TRANSFER,Water Utility,DEPOSIT - Salary Deposit,CANCELLED,MOBILE,Phoenix,2024-03-04 17:00:23,False
TXN_00000344,CUST_000147,ACC_3154051,2024-01-03,23:52:17,5357.08,PAYMENT,Starbucks Coffee,TRANSFER - Credit Card Payment,FAILED,ATM,Los Angeles,2024-01-03 23:52:17,False
TXN_00000258,CUST_000104,ACC_5479144,2024-02-11,12:03:32,323.44,TRANSFER,Credit Card Payment,DEPOSIT - Gas Station,CANCELLED,ONLINE,Houston,2024-02-11 12:03:32,False
TXN_00000309,CUST_000068,ACC_7377459,2024-04-05,11:31:47,369.04,PAYMENT,Netflix Subscription,FEE - Spotify Premium,FAILED,ATM,New York,2024-04-05 11:31:47,False
TXN_00000150,CUST_000149,ACC_9877065,2024-03-13,23:09:01,467.71,WITHDRAWAL,McDonalds Restaurant,PAYMENT - Insurance Payment,PENDING,MOBILE,Phoenix,2024-03-13 23:09:01,False
TXN_00000131,CUST_000046,ACC_1533224,2024-03-09,00:58:58,441.71,FEE,ATM Withdrawal,FEE - Salary Deposit,PENDING,BRANCH,New York,2024-03-09 00:58:58,False
TXN_00000152,CUST_000020,ACC_4668136,2024-01-24,22:41:03,420.34,FEE,Amazon Online,DEPOSIT - McDonalds Restaurant,PENDING,ONLINE,Philadelphia,2024-01-24 22:41:03,False
TXN_00000360,CUST_000190,ACC_6440561,2024-02-22,02:28:47,8994.24,PAYMENT,Netflix Subscription,TRANSFER - McDonalds Restaurant,PENDING,ONLINE,Phoenix,2024-02-22 02:28:47,False
TXN_00000100,CUST_000093,ACC_8038374,2024-02-15,14:11:42,264.12,PURCHASE,Pharmacy,PURCHASE - Grocery Store,COMPLETED,MOBILE,Houston,2024-02-15 14:11:42,False
TXN_00000373,CUST_000017,ACC_6292423,2024-02-11,14:52:04,422.44,DEPOSIT,McDonalds Restaurant,TRANSFER - Electric Company,FAILED,PHONE,Houston,2024-02-11 14:52:04,False
TXN_00000088,CUST_000064,ACC_2871534,2024-01-08,13:45:05,90.42,DEPOSIT,Grocery Store,PURCHASE - Restaurant,PENDING,BRANCH,Chicago,2024-01-08 13:45:05,False
TXN_00000459,CUST_000200,ACC_6007072,2024-01-29,00:24:44,125.6,PURCHASE,Mortgage Payment,WITHDRAWAL - Water Utility,CANCELLED,ONLINE,New York,2024-01-29 00:24:44,False
TXN_00000331,CUST_000163,ACC_6707197,2024-01-26,08:55:42,60.9,WITHDRAWAL,Amazon Online,PAYMENT - Electric Company,COMPLETED,MOBILE,Los Angeles,2024-01-26 08:55:42,False
TXN_00000215,CUST_000170,ACC_8082668,2024-04-09,16:55:23,4049.11,PURCHASE,Starbucks Coffee,WITHDRAWAL - Water Utility,FAILED,ATM,Los Angeles,2024-04-09 16:55:23,False
TXN_00000467,CUST_000086,ACC_4335942,2024-04-07,01:37:11,125.14,PAYMENT,Bank Transfer,PAYMENT - Mortgage Payment,PENDING,MOBILE,Los Angeles,2024-04-07 01:37:11,False
TXN_00000122,CUST_000158,ACC_5491946,2024-03-18,01:20:59,85.44,PURCHASE,Insurance Payment,PURCHASE - Grocery Store,CANCELLED,PHONE,Chicago,2024-03-18 01:20:59,False
TXN_00000500,CUST_000096,ACC_5108603,2024-04-01,13:23:24,288.23,WITHDRAWAL,Water Utility,DEPOSIT - Pharmacy,COMPLETED,ATM,Houston,2024-04-01 13:23:24,False
TXN_00000021,CUST_000189,ACC_7067228,2024-02-11,15:43:13,397.9,REFUND,Shell Gas Station,WITHDRAWAL - Grocery Store,FAILED,ONLINE,Los Angeles,2024-02-11 15:43:13,False
TXN_00000189,CUST_000114,ACC_7120868,2024-02-14,23:47:09,6352.72,TRANSFER,Starbucks Coffee,PAYMENT - Starbucks Coffee,CANCELLED,BRANCH,Houston,2024-02-14 23:47:09,False
TXN_00000072,CUST_000033,ACC_6440561,2024-04-01,00:57:05,78.43,PURCHASE,Gas Station,PURCHASE - Insurance Payment,CANCELLED,PHONE,Phoenix,2024-04-01 00:57:05,False
TXN_00000107,CUST_000093,ACC_2839607,2024-03-27,00:08:04,324.36,PURCHASE,Walmart Store,PURCHASE - McDonalds Restaurant,CANCELLED,BRANCH,Chicago,2024-03-27 00:08:04,False
TXN_00000271,CUST_000072,ACC_9153566,2024-03-28,10:47:32,25.11,WITHDRAWAL,McDonalds Restaurant,PAYMENT - Gas Station,FAILED,ONLINE,Chicago,2024-03-28 10:47:32,False
TXN_00000349,CUST_000112,ACC_7022674,2024-01-11,08:35:25,202.27,FEE,McDonalds Restaurant,DEPOSIT - Pharmacy,PENDING,MOBILE,Houston,2024-01-11 08:35:25,False
TXN_00000436,CUST_000067,ACC_5479144,2024-01-16,05:51:33,14.99,PAYMENT,Netflix Subscription,PAYMENT - Netflix Subscription,COMPLETED,ONLINE,New York,2024-01-16 05:51:33,False
TXN_00000103,CUST_000193,ACC_5855124,2024-02-10,22:25:52,130.39,WITHDRAWAL,Mortgage Payment,FEE - Walmart Store,FAILED,BRANCH,New York,2024-02-10 22:25:52,False
